id,title_en,title_ja,description_en,description_ja,location,area,category_id,url,notes_ja,notes_en,duration_hours
00000000-0000-0000-0000-000000000001,ASARA Kimono Rental Asakusa,VASARA 着物レンタル 浅草本店,"Offers a wide range of kimono plans, English-speaking staff, hair styling, and easy access from Sensoji Temple.",浅草寺徒歩すぐ。英語対応・豊富なプラン・ヘアセット付きで人気。観光と組み合わせやすい。,台東区（浅草）,台東区,00000000-0000-0000-0000-000000000001,https://vasara-h.co.jp/en/shop/asakusa/,店舗数が多くアクセス良好。混雑時は事前予約推奨。,Many locations with good access. Advance reservations recommended during busy periods.,3
00000000-0000-0000-0000-000000000002,imono Rental Yumenoya,着物レンタル夢乃屋 浅草店,"Located near Sensoji Temple, offering kimono experiences with English-speaking staff, ninja/samurai cosplay available too.",着物体験のほか忍者や侍コスプレも選べる人気店。英語対応あり、写真プラン充実。,台東区（浅草）,台東区,00000000-0000-0000-0000-000000000001,https://yumenoya.me/en/,忍者体験と併用可能。子ども用サイズ・家族向けプランあり。,Can be combined with ninja experiences. Children's sizes and family plans available.,3
00000000-0000-0000-0000-000000000003,imono Rental Wargo Harajuku,着物レンタル 和楽庵 原宿店,Stylish kimono rental near Takeshita Street. Offers family packages and photo options. English website available.,竹下通り近くで若者・外国人に人気。英語サイトあり。家族写真プランも。,渋谷区（原宿）,渋谷区,00000000-0000-0000-0000-000000000001,https://harajuku-kimonorental.com/en/,トレンド志向の若い層に人気。スタッフの対応も丁寧で評価高い。,Popular with trend-conscious young people. Staff service is polite and highly rated.,3
00000000-0000-0000-0000-000000000004,imply Oishii Wagashi School,シンプリー・オイシイ 和菓子教室,Hands‑on private studio class in Tokyo. Learn mochi and nerikiri from a certified instructor. Reservations only.,プライベートスタジオで、認定講師による餅や練り切りなどの和菓子作り体験。少人数制、予約制クラス。,世田谷区（東京）,世田谷区,00000000-0000-0000-0000-000000000001,https://www.simplyoishii.com/,少人数＋認定講師でしっかり学べる。家族層にも◎。,Small groups with certified instructors for thorough learning. Great for families.,2
00000000-0000-0000-0000-000000000005,agashi Making Class by Kaoru (byFood),菓子工房 Kaoru の和菓子教室 (五反田),"Choose from 5 class types to make daifuku, dango, nerikiri under certified instructor; family-friendly.",果物大福や三色団子、練り切りなど複数メニューから選べる講座。認定講師で家族参加可。,品川区（五反田周辺）,品川区,00000000-0000-0000-0000-000000000001,,"多彩なメニュー、家族向け。価格目安約¥7,000〜。","Variety of menus, family-friendly. Price range approximately ¥7,000~.",2
00000000-0000-0000-0000-000000000006,agashi-making in Kagurazaka by Inoue-san,和菓子工房 梅花亭（Baika-tei）,"Learn from Excellent Wagashi Artisan Takeshi Inoue, craft seasonal sweets, English-friendly, up to ~10 small group.",二瓶亭で「優秀和菓子職人」井上氏から少人数・英語ガイド付きで季節の和菓子を学べる体験。10名程度の少人数制。,新宿区（神楽坂）,新宿区,00000000-0000-0000-0000-000000000001,https://www.baikatei.co.jp,本格志向、神楽坂エリア観光とセットでおすすめ。,"Authentic experience, recommended to combine with Kagurazaka area sightseeing.",2
00000000-0000-0000-0000-000000000007,hinohara Furin Honpo Glass+Painting,篠原風鈴本舗（ガラス吹き＋絵付け）,Glass‑blowing + painting workshop at historic Edo furin studio. English available. Ages 6+. Keepsake original chime.,江戸風鈴の伝統工房で、ガラス吹き＋絵付けができる体験。英語対応、6歳以上参加可。完成品は持ち帰り可能。,台東区（浅草）,台東区,00000000-0000-0000-0000-000000000001,,伝統・体験・持ち帰り3点揃い。予約は電話優先。,"Traditional, hands-on experience, and take-home item all included. Phone reservations preferred.",2
00000000-0000-0000-0000-000000000008,do Furin Painting Workshop (NoHGA Ueno),EDO FURIN 絵付けワークショップ（上野NOHGA）,"Painting your own Shinohara Maruyoshi chime at NOHGA Hotel. 30–60min; ¥1,800/person. Hotel staff guide, small groups (2–6).","NOHGAホテル上野で、30〜60分の風鈴絵付け体験。¥1,800／人。2〜6名の小グループでホテルスタッフ案内付き。",台東区（上野）,台東区,00000000-0000-0000-0000-000000000001,,ホテル滞在者におすすめ。グループ可能だが浅草より簡易。,Recommended for hotel guests. Group bookings possible but simpler than Asakusa experience.,1
00000000-0000-0000-0000-000000000009,eninsula Tokyo Furin Making,ペニンシュラ東京 風鈴制作体験,2‑hour luxury experience: glass‑blowing & painting at Shinohara Furin with hotel car transport and chauffeur guidance. Age 6+. Includes roundtrip.,ペニンシュラ東京が篠原風鈴本舗で手配する2時間体験。ホテル送迎＋ドライバー解説付き。英語対応、6歳以上。高級体験。,千代田区（丸の内／日比谷）,千代田区,00000000-0000-0000-0000-000000000001,,ラグジュアリー志向向け、記念ギフトにも◎。,"Luxury experience, perfect for commemorative gifts.",2
00000000-0000-0000-0000-000000000010,amurai & Ninja Experience Asakusa,浅草侍・忍者体験スタジオ,"Dress up as a samurai or ninja and learn basic weapons, movement and posing in a full costume set.",侍・忍者の衣装を着て、剣術や忍びの動き、記念撮影ができる体験。英語案内付きで初心者◎。,台東区（浅草）,台東区,00000000-0000-0000-0000-000000000001,https://ninjastudio.jp/en/,フォトプラン充実。家族旅行にも◎。,Comprehensive photo plans available. Great for family trips.,2
00000000-0000-0000-0000-000000000011,amurai Kembu Tokyo,サムライ剣舞東京,"Interactive demonstration of samurai sword dance and lessons in posture, breathing, and sake tradition.",剣舞のデモンストレーションと剣術風レッスン（所作・呼吸など）。外国人参加多、英語で指導あり。,渋谷区（千駄ヶ谷）,渋谷区,00000000-0000-0000-0000-000000000001,https://samuailkembu.tokyo/en/classifieds/,格調高い内容。大人向けだが小学生以上可。,Elegant content. Recommended for adults but suitable for elementary school students and above.,2
00000000-0000-0000-0000-000000000012,do Samurai & Ninja Adventure,江戸侍忍者アドベンチャー,City-walking samurai/ninja tour combined with weapon handling demonstration in Edo-style.,江戸時代スタイルで浅草・上野を歩くツアー。武器体験・英語ガイド付き、家族連れにも人気。,台東区（浅草／上野）,台東区,00000000-0000-0000-0000-000000000001,https://edoninjaexperience.jp/en/,動きやすい格好推奨。都市散策も加わり臨場感◎。,Comfortable clothing recommended. Urban exploration adds to the immersive experience.,3
00000000-0000-0000-0000-000000000013,motesenke Chado Culture Class,表千家 茶道文化体験クラス,"Learn etiquette, whisking, and serving matcha in an elegant tea-ceremony format with explanation.",抹茶点てや作法を丁寧に学べる正統派茶道体験。英語指導＆茶菓子付きで初心者・家族向けも。,港区（南青山）,港区,00000000-0000-0000-0000-000000000001,https://www.omotesenke.jp/experience/index.html,静謐な空間。所要約60分、初心者歓迎。,"Serene atmosphere. Takes about 60 minutes, beginners welcome.",1
00000000-0000-0000-0000-000000000014,ea Ceremony Experience Ueno,上野茶道体験,Casual matcha tea ceremony introduction with English explanations in central Ueno.,上野エリアでカジュアルに抹茶体験。外国人観光客に人気、所要45分程度。,台東区（上野）,台東区,00000000-0000-0000-0000-000000000001,https://www.japanesecultureexperience.com/tea-ceremony,入門には最適。立地良く参加しやすい。,Perfect for beginners. Good location and easy to participate.,1
00000000-0000-0000-0000-000000000015,apanese Tea Ceremony Ga-Kyo,茶道体験 茶匡（Ga-Kyo）東京店,"Personalized tea ceremony lessons using premium Uji matcha, small groups, English guidance included.",少人数プレミアム体験。宇治抹茶使用、英語ガイドあり。本格的作法を丁寧に。,渋谷区（代々木上原）,渋谷区,00000000-0000-0000-0000-000000000001,https://ga-kyo.com/en/,落ち着いた大人向け。予約必須。,Relaxed atmosphere for adults. Reservations required.,1
00000000-0000-0000-0000-000000000016,hodo Workshop Tokyo,書道ワークショップ東京,"Write your name in kanji, learn brush techniques, and keep calligraphy as art. Beginner-level with English instructions.",漢字や名前を筆で書く体験。筆遣いを学び、作品を持ち帰り。英語での指導あり・初心者OK。,渋谷区（原宿・表参道）,渋谷区,00000000-0000-0000-0000-000000000001,https://www.shodoworkshoptokyo.com/,短時間で完成。土産にも◎。,Quick completion. Great as a souvenir.,1
00000000-0000-0000-0000-000000000017,alligraphy Lesson by Kyoto Sensei,京都流書道レッスン（外国人向け）,"Traditional Japanese calligraphy class led by Kyoto-style sensei, English explained.",京都流の先生による本格書道レッスン。英語で説明あり、文字の意味も教える体験。,港区（六本木）,港区,00000000-0000-0000-0000-000000000001,,しっかり学びたい人向け。,For those who want to learn thoroughly.,2
00000000-0000-0000-0000-000000000018,hodo Experience Asakusa,浅草書道体験,"Short session for tourists: brush, ink, and learn stroke order basics. Affairs friendly.",観光客向けの短時間体験。筆・墨でストロークを学び、作品を持ち帰り可。英語説明あり。,台東区（浅草）,台東区,00000000-0000-0000-0000-000000000001,https://www.asakushodoclub.com/en/,旅程に組み込みやすい。,Easy to fit into your itinerary.,1
00000000-0000-0000-0000-000000000019,okyo Yakatabune Dinner Cruise,東京屋形船ディナークルーズ,"Enjoy sukiyaki and soft drinks, shamisen performance, and night views of Rainbow Bridge & Tokyo Tower.",すき焼き・ソフトドリンク・三味線演奏・屋形船クルーズの夜景体験。英語ガイド・案内あり。,江東区／港区湾岸,江東区,00000000-0000-0000-0000-000000000001,https://www.getyourguide.com/tokyo-l193/tokyo-yakatabune-dinner-cruise-with-japanese-show-drinks-t488035/,幅広い支持、30名程度の小グループで◎。予約は早めに。,"Wide appeal, great for groups of around 30 people. Book early.",3
00000000-0000-0000-0000-000000000020,akatabune AMITATSU,風雅屋形船 文芸あみたつ,"Historic houseboat cruise around Sky Tree and Rainbow Bridge with dinner, open to small groups.",浅草・スカイツリー・お台場を巡る老舗船。伝統和食と夜景、2名から予約可。,江東区（浅草～お台場）,江東区,00000000-0000-0000-0000-000000000001,https://www.amitatsu.jp/english/,創業100年、送迎不要・2名〜利用可,"100-year history, no transportation needed, available for 2+ people",3
00000000-0000-0000-0000-000000000021,akatabune Funayado-Tsurishin,船宿釣新（つりしん）,Traditional houseboat with seasonal Japanese cuisine and scenic river views across seasons.,季節料理を楽しむ屋形船。桜や花火など四季感が豊かな水上体験。,台東区（蔵前）,台東区,00000000-0000-0000-0000-000000000001,https://www.yakatabune-tsurishin.com/en/index.html,ランチプラン含む。家族のんびり参加に◎。,Includes lunch plans. Great for relaxed family participation.,3
00000000-0000-0000-0000-000000000022,okyo Taiko Drum Experience (Klook),東京太鼓体験（Klook）,50‑minute Taiko class under pro teacher—learn rhythms in intimate group setting. 身体も動かす参加型体験。,プロ講師と50分クラスで太鼓叩き体験。音が心地よく汗をかくようなエクササイズ要素も。,新宿区,新宿区,00000000-0000-0000-0000-000000000001,https://www.klook.com/en-US/activity/8758-taiko-japanese-drum-experience-tokyo/,エネルギッシュ、手軽に体験可。,"Energetic, easy to experience.",1
00000000-0000-0000-0000-000000000023,aiko Drum Experience in Kabukicho,歌舞伎町太鼓体験（夕食つき）,"Professional drum artists teach rhythms, followed by Wagyu dinner—multilingual guide included.",プロ講師によるレッスン＋和牛焼肉ディナー、英中対応ガイド付き。旅行者に人気。,新宿区,新宿区,00000000-0000-0000-0000-000000000001,https://www.getyourguide.com/tokyo-l193/tokyo-taiko-drum-experience-in-kabukicho-with-dinner-t774658/,食事も楽しめるパッケージ。大人向け。,Package includes dining. Recommended for adults.,3
00000000-0000-0000-0000-000000000024,aiko Center Workshop (Asakusa/Aoyama),太鼓センター ワークショップ,Hands‑on drums in Asakusa/Aoyama studio—refreshing cultural break from sightseeing.,浅草・青山で太鼓体験。観光の合間にリフレッシュ、英語案内あり。,台東区／渋谷区,台東区,00000000-0000-0000-0000-000000000001,https://www.taiko-center.co.jp/english/class/tokyo-class.html,エネルギー重視、子どもから大人まで楽しめる。,"Energy-focused, enjoyable for children to adults.",1
00000000-0000-0000-0000-000000000025,aro's Origami Studio Asakusa,太郎の折り紙スタジオ 浅草,"Tablet‑guided family & beginner friendly origami experience near Sensoji, with studio view of Skytree.",タブレット付き折り紙体験。浅草・隅田川沿い、スカイツリー展望。家族や初心者向けに優しいガイド。,台東区,台東区,00000000-0000-0000-0000-000000000001,https://www.tarosorigami.com/asakusa-tokyo/,事前予約推奨、子供にも丁寧。,"Advance reservations recommended, gentle with children.",1
00000000-0000-0000-0000-000000000026,rigami Class by Tokyo Origami Museum,東京折り紙博物館の折り紙クラス,"Hosted at Origami Museum by certified instructor Teru; 1‑hour class, take home models.",折り紙会館／博物館主催、認定講師による1時間クラス。作品と教本のお土産付き。,墨田区,墨田区,00000000-0000-0000-0000-000000000001,,高品質＆安心感。博物館併設で文化理解も深まる。,High quality and reliable. Museum location deepens cultural understanding.,1
00000000-0000-0000-0000-000000000027,etYourGuide Origami with Local,Origami with Tokyo Local,Fold 3–5 origami designs with step‑by‑step guidance and history behind shapes with local instructor.,東京在住の先生と歴史背景を学びながら折り紙。初級～中級で作品数3〜5点。英語進行。,中央区,中央区,00000000-0000-0000-0000-000000000001,https://www.getyourguide.com/tokyo-l193/origami-workshop-by-a-tokyo-local-for-all-travelers-t498004/,歴史を聞きつつ折るタイプ。カップルにも◎。,Type where you fold while learning history. Great for couples too.,2
00000000-0000-0000-0000-000000000028,okyo Food Sample Making Workshop (Yamato),大和サンプル製作所 ワークショップ,"Hands-on food sample workshop at Yamato Sample Factory: make ramen, parfait, or tart samples. Includes instructor, materials, kits to take home.",大和サンプル製作所での食品サンプル体験。ラーメンやタルト、パフェなどを制作し、キットやキーホルダーをお土産に持ち帰れます。英語予約可。,豊島区（上池袋・北池袋）,豊島区,00000000-0000-0000-0000-000000000001,https://www.yamato-sample.com/,,,2
00000000-0000-0000-0000-000000000029,ood Sample Making Cafe (Asakusa),食品サンプル製作体験カフェ（浅草）,"Make and eat! Create your own omelette rice, spaghetti, crepe, or parfait sample—and enjoy the real version too. English menu & café setting.",浅草のカフェで食品サンプル製作体験＆本物の食事が楽しめます。英語メニューあり。家族やグループに好評です。,台東区（浅草）,台東区,00000000-0000-0000-0000-000000000001,https://foodsamplecafe.com/en/,食べ比べもできるユニークな体験。雨天OK。,Unique experience where you can compare with real food. OK for rainy days.,2
00000000-0000-0000-0000-000000000030,look: 1‑Hour Tokyo Class Food Sample Making Workshop,東京食品サンプル作り体験（Klook）,"1‑hour workshop at Yamato with ramen, parfait, tart charm options. Family-friendly, English supported, includes tools.",Klook経由で1時間の食品サンプル体験。ラーメンやタルトチャームなど制作可。道具・キット付き、英語案内あり。家族参加OK。,豊島区（北池袋）,豊島区,00000000-0000-0000-0000-000000000001,https://www.klook.com/activity/103658-1-hour-join-tokyo-class-food-sample-making-workshop/,,,1
00000000-0000-0000-0000-000000000031,okémon Center Tokyo DX,ポケモンセンター東京DX,Large Pokémon-themed store with exclusive items and a café.,ポケモングッズやカフェが楽しめる大型公式ショップ。限定商品も多数。,日本橋,中央区,00000000-0000-0000-0000-000000000004,https://www.pokemon.co.jp/gp/pokecen/tokyodx/,ファミリーに大人気。東京駅からもアクセス良好。,Very popular with families. Good access from Tokyo Station.,2
00000000-0000-0000-0000-000000000032,hibli Museum,三鷹の森ジブリ美術館,A magical museum dedicated to Studio Ghibli's beloved works.,スタジオジブリの世界を体感できる美術館。予約制。,三鷹,三鷹市,00000000-0000-0000-0000-000000000004,https://www.ghibli-museum.jp/en/,子連れに◎。日本語オンリーだが雰囲気で楽しめる。,Great for families with children. Japanese only but enjoyable through atmosphere.,3
00000000-0000-0000-0000-000000000033,hibuya PARCO 6F Cyberspace,渋谷パルコ6Fサイバースペース,"Houses Nintendo Store, Pokémon Center mini, Jump Shop, Capcom Store.",任天堂・ジャンプ・カプコンなどの公式ショップが集まる複合フロア。,渋谷,渋谷区,00000000-0000-0000-0000-000000000004,https://shibuya.parco.jp/,フロア内で完結できるため小さなお子様連れにもおすすめ。,"Complete experience within the floor, recommended for families with small children.",2
00000000-0000-0000-0000-000000000034,akano Broadway,中野ブロードウェイ,"A paradise for anime, manga, and retro toy collectors.",アニメ・漫画・フィギュアの聖地。マニアも初心者も楽しめる。,中野,中野区,00000000-0000-0000-0000-000000000004,https://nakano-broadway.com/,建物はやや古め。エレベーターありだがベビーカーは不便かも。,Building is somewhat old. Elevator available but strollers may be inconvenient.,3
00000000-0000-0000-0000-000000000035,okyo Character Street,東京キャラクターストリート,"Dozens of official shops like Rilakkuma, Ghibli, Sanrio, and Shonen Jump.",サンリオ、リラックマ、ジブリなどの公式ショップが並ぶ地下街。,東京駅地下,千代田区,00000000-0000-0000-0000-000000000004,https://www.tokyostationcity.com/en/characterstreet/,雨の日や暑い日でも快適。東京駅直結で便利。,Comfortable even on rainy or hot days. Convenient direct connection to Tokyo Station.,2
00000000-0000-0000-0000-000000000036,eamLab Planets,チームラボプラネッツ,Immersive digital art experience popular among all ages.,デジタルアートの中に入り込む没入型体験。SNS映えも抜群。,豊洲,江東区,00000000-0000-0000-0000-000000000004,https://planets.teamlab.art/tokyo/,床が水に濡れるエリアあり。着替えやタオル準備が◎。,Some areas have wet floors. Bring change of clothes and towels.,3
00000000-0000-0000-0000-000000000037,akeshita Street,竹下通り,"Iconic street filled with colorful fashion, sweets, and pop culture boutiques.",原宿を象徴するカラフルで個性的なファッションとスイーツが並ぶストリート。,原宿,渋谷区,00000000-0000-0000-0000-000000000004,https://www.gotokyo.org/en/spot/23/index.html,小さな子も楽しめるが、混雑時はベビーカーはやや不便。,"Small children can enjoy it, but strollers may be inconvenient during crowded times.",2
00000000-0000-0000-0000-000000000038,kihabara SEGA Arcade,秋葉原セガアーケード,"Multi-floor arcade with anime-themed games, claw machines, and retro consoles.",アニメ・ゲームをテーマにしたクレーンゲームや音ゲーが満載の大型ゲームセンター。,秋葉原,千代田区,00000000-0000-0000-0000-000000000004,https://tempo.sega.jp/am/akihabara3/,音や光が多いため未就学児は注意。混雑もあり。,"Lots of sound and light, so be careful with preschoolers. Can be crowded.",2
00000000-0000-0000-0000-000000000039,adio Kaikan Akihabara,秋葉原ラジオ会館,"10-story building packed with anime, figures, doujinshi, and electronic goods.",アニメグッズ・フィギュアの宝庫。電子部品やレトロPCもあり秋葉原らしさ全開。,秋葉原,千代田区,00000000-0000-0000-0000-000000000004,https://www.akihabara-radiokaikan.co.jp/,中高生以上向け。ファミリーで訪れるなら軽めに立ち寄るのがおすすめ。,"Recommended for junior high and high school students. For families, a brief visit is recommended.",3
00000000-0000-0000-0000-000000000040,rint Club Mecca,プリクラメッカ（渋谷109内等）,"Japanese ""Purikura"" photo booths with customizable digital stickers and backgrounds.",デジタルシール付き写真が撮れる日本発のプリクラ。レトロブームで再人気。,渋谷・新宿など,渋谷区,00000000-0000-0000-0000-000000000004,https://109news.jp/event/20211021/201773/news_ownershibuya109/,女の子ファミリーに特に人気。プリ機の進化に驚く親も多い。,Especially popular with families with girls. Many parents are surprised by the evolution of photo booths.,1
00000000-0000-0000-0000-000000000041,araoke-kan Shibuya Main,カラオケ館 渋谷本店,Classic karaoke experience with private rooms and food service.,昔ながらの個室カラオケ。家族や友達と盛り上がれる定番スポット。,渋谷,渋谷区,00000000-0000-0000-0000-000000000004,https://karaokekan.jp/shop/detail/13.html,昼間は子連れでも利用可能。英語メニューあり。,Available for families with children during daytime. English menu available.,3
00000000-0000-0000-0000-000000000042,EDゅ TOKYO TOWER,REDゅ東京タワー,Cutting-edge esports arena with immersive experiences for games like VALORANT.,最新eスポーツ体験が可能な大型施設。VALORANTなど人気タイトルの対戦が楽しめる。,芝公園,港区,00000000-0000-0000-0000-000000000004,https://tokyotower.red-brand.jp/,日本初のeスポーツ常設体験ゾーン。要予約推奨。,Japan's first permanent esports experience zone. Reservations recommended.,2
00000000-0000-0000-0000-000000000043,okyo Joypolis,東京ジョイポリス,"Indoor theme park with VR games, motion rides, and anime collaborations.",VRやライド型アトラクション、アニメコラボなどが楽しめる屋内遊園地。,台場,港区,00000000-0000-0000-0000-000000000004,https://tokyo-joypolis.com/language/eng/,セガ運営。インバウンド客に定番人気。,Operated by SEGA. Popular with inbound tourists.,4
00000000-0000-0000-0000-000000000044,iGO Akihabara,GiGO秋葉原（旧セガ）,"Multi-story arcade with rhythm games, prize machines, and anime-themed zones.",音ゲー・プライズ・アニメ系ゲームなどを扱う多層ゲームセンター。,秋葉原,千代田区,00000000-0000-0000-0000-000000000004,https://tempo.gendagigo.jp/am/akihabara1/,英語表記は少ないが雰囲気で楽しめる。,Limited English signage but enjoyable through atmosphere.,3
00000000-0000-0000-0000-000000000045,REX Shinjuku,VREX 新宿,Virtual reality experiences with drinks and food in a trendy environment.,VR体験と飲食が融合したエンタメ空間。多国籍観光客にも人気。,新宿,新宿区,00000000-0000-0000-0000-000000000004,https://www.vrex.jp/,グループ体験向け。大人同士での利用が多い。,For group experiences. Popular among adults.,2
00000000-0000-0000-0000-000000000046,eal eSports Arena,リアルeスポーツアリーナ秋葉原,"Professional-grade esports arena for matches, streaming, and training.",実況・配信ブースなども備えた本格eスポーツ施設。,秋葉原,千代田区,00000000-0000-0000-0000-000000000004,https://realesports.jp/,要予約。日本語メインのため事前確認を推奨。,"Reservations required. Mainly in Japanese, so advance confirmation recommended.",3
00000000-0000-0000-0000-000000000047,Sports High School Tokyo,eスポーツ高等学院,Japan's first esports-focused high school with possible visitor experiences.,日本初のeスポーツ高校。見学や短期体験も可能（事前問い合わせ必要）。,池袋,豊島区,00000000-0000-0000-0000-000000000004,https://esports-hs.com/,海外メディアにも紹介され話題。学びと体験が融合。,Featured in international media. Combines learning and experience.,2
00000000-0000-0000-0000-000000000048,UMP SHOP Tokyo Dome City,ジャンプショップ 東京ドームシティ店,"Official shop for Weekly Shonen Jump series like One Piece, Jujutsu Kaisen, and My Hero Academia.",ワンピース、呪術廻戦、ヒロアカなどジャンプ作品の公式グッズショップ。,後楽園,文京区,00000000-0000-0000-0000-000000000004,https://www.jumpshop.jp/jumpshop/tokyo-dome/,東京駅地下店も人気。アニメ初心者〜オタク層まで幅広く対応。,Tokyo Station underground store also popular. Caters from anime beginners to otaku.,2
00000000-0000-0000-0000-000000000049,vangelion Store Tokyo-01,エヴァンゲリオンストア東京01,Flagship store for Evangelion with exclusive goods and exhibits.,エヴァンゲリオン公式ストア。限定グッズや展示コーナーもあり。,池袋,豊島区,00000000-0000-0000-0000-000000000004,https://www.evastore.jp/real/,海外ファン多数。アニメイト池袋本店とあわせて回るのが定番ルート。,Many international fans. Standard route includes Animate Ikebukuro main store.,2
00000000-0000-0000-0000-000000000050,HE GUNDAM BASE Tokyo,ガンダムベース東京,"Mecca for Gundam fans with model kits, exhibitions, and workshops.",ガンプラや展示が充実したガンダムの聖地。限定商品や体験型イベントもあり。,お台場,港区,00000000-0000-0000-0000-000000000004,https://www.gundam-base.net/,アジア圏ファンに特に人気。ダイバーシティ東京内で雨の日も安心。,"Especially popular with Asian fans. Inside DiverCity Tokyo, safe for rainy days.",3
00000000-0000-0000-0000-000000000051,nimate Ikebukuro Flagship,アニメイト池袋本店,"One of the largest anime goods stores in Japan, covering all genres including BL and games.",国内最大級のアニメショップ。作品数が非常に豊富で、乙女系・BL系も強い。,池袋,豊島区,00000000-0000-0000-0000-000000000004,https://www.animate.co.jp/shop/ikebukuro/,サブカル女子・男性ファン問わず人気。階段多めで混雑注意。,"Popular with both female and male subculture fans. Many stairs, beware of crowds.",3
00000000-0000-0000-0000-000000000052,IDDY LAND Harajuku,キディランド原宿店,"Iconic store for cute characters like Ghibli, Rilakkuma, Sanrio, and anime figures.",ジブリ・サンリオ・リラックマなど、可愛い系キャラ・アニメグッズの宝庫。,原宿,渋谷区,00000000-0000-0000-0000-000000000004,https://www.kiddyland.co.jp/en/stores/harajuku/,原宿観光の定番。ポケモンやちいかわ系も近年充実。,Standard Harajuku sightseeing spot. Pokemon and Chiikawa series also well-stocked recently.,2
00000000-0000-0000-0000-000000000053,okyo Station Character Street,東京駅キャラクターストリート,"Underground street filled with character shops including Ghibli, Jump, Sanrio and more.",地下に公式キャラショップが並ぶ人気スポット。アニメ・漫画・ゲーム系も多数。,東京駅地下,千代田区,00000000-0000-0000-0000-000000000004,https://www.tokyostationcity.com/en/characterstreet/,雨の日や暑い日でも快適。東京駅直結で便利。,Comfortable even on rainy or hot days. Convenient direct connection to Tokyo Station.,2
00000000-0000-0000-0000-000000000054,okyo Tower,東京タワー,Classic red-and-white tower with observation decks and seasonal events.,昭和のシンボル。展望台からの景色や期間限定イベントも楽しめる観光名所。,港区・芝公園,港区,00000000-0000-0000-0000-000000000012,https://www.tokyotower.co.jp/en.html,増上寺とのセット観光が◎。夜景も人気。,Great for combined sightseeing with Zojoji Temple. Popular for night views.,3
00000000-0000-0000-0000-000000000055,okyo Skytree,東京スカイツリー,"Tallest structure in Japan with panoramic views, shopping, aquarium, and planetarium.",日本一高い建造物。展望台だけでなく商業施設・水族館・プラネタリウムも併設。,墨田区,墨田区,00000000-0000-0000-0000-000000000012,https://www.tokyo-skytree.jp/en/,浅草からのアクセスも◎、複合型観光スポット。,"Great access from Asakusa, comprehensive tourist destination.",4
00000000-0000-0000-0000-000000000056,hibuya Sky,渋谷スカイ,Open-air rooftop observatory with 360° views of Tokyo and Mt. Fuji on clear days.,渋谷の屋上から東京全体を見渡せる絶景スポット。富士山が見えることも。,渋谷区,渋谷区,00000000-0000-0000-0000-000000000012,https://www.shibuya-scramble-square.com/sky/,若者にも人気。夕方〜夜景時間帯が特におすすめ。,Popular with young people. Especially recommended in the evening for night views.,2
00000000-0000-0000-0000-000000000057,okyo Metropolitan Govt. Building,東京都庁展望室,Free observatory deck on the 45th floor. Good alternative for budget-conscious travelers.,無料で入れる都庁展望室。東京全体を一望でき、富士山も見えることがある。,新宿区,新宿区,00000000-0000-0000-0000-000000000012,https://www.metro.tokyo.lg.jp/english/guide/observat.html,コスパ最高の展望台。混雑時は時間調整が必要。,Best value observatory. Time adjustment needed during crowded periods.,2
00000000-0000-0000-0000-000000000058,oppongi Hills Sky Deck,六本木ヒルズ スカイデッキ,Rooftop heliport deck with open-air views. Near art museums and luxury shopping.,屋上ヘリポートを開放した展望デッキ。森美術館や高級ショップとも連携。,港区・六本木,港区,00000000-0000-0000-0000-000000000012,https://www.mori.art.museum/en/skydeck/,美術館＋展望＋グルメの三拍子が揃う,"Perfect combination of museum, observatory, and gourmet dining.",2
00000000-0000-0000-0000-000000000059,oranomon Hills Station Tower Top,虎ノ門ヒルズ ステーションタワー TOP,"Newly opened in 2023, this observatory offers views from one of Tokyo's tallest new buildings.",2023年開業の新展望フロア。東京中心部の再開発エリアで話題のランドマーク。,港区・虎ノ門,港区,00000000-0000-0000-0000-000000000012,https://www.toranomonhills.com/,飲食やアートとの組合せも面白い,Interesting combination with dining and art.,2
00000000-0000-0000-0000-000000000060,ebisu Garden Place Sky Lounge,恵比寿ガーデンプレイス スカイラウンジ,"A quiet, classy observatory with city views, located in a premium dining and shopping complex.",落ち着いた雰囲気の展望ラウンジ。レストランやデート利用に人気。,渋谷区・恵比寿,渋谷区,00000000-0000-0000-0000-000000000012,https://gardenplace.jp/en/,ディナー前後や雨の日の休憩にも◎,Great for before/after dinner or rainy day breaks.,2
00000000-0000-0000-0000-000000000061,unkyo Civic Center,文京シビックセンター展望ラウンジ,Free observation lounge with Mt. Fuji views on clear days.,富士山や新宿方面の絶景が無料で楽しめる穴場スポット。,文京区,文京区,00000000-0000-0000-0000-000000000012,https://www.city.bunkyo.lg.jp/shisetsu/civiccenter.html,無料なのに眺望が良く、空いているのも魅力。,Free with great views and not crowded - that's the appeal.,2
00000000-0000-0000-0000-000000000062,aretta Shiodome Sky View,カレッタ汐留スカイビュー,Free sky view from office building with seasonal light shows.,高層階からの夜景＋冬季イルミネーションも有名。,汐留,港区,00000000-0000-0000-0000-000000000012,https://www.caretta.jp/,平日日中はビジネスマン多め。飲食店と組み合わせも◎。,Many business people during weekday daytime. Great combined with restaurants.,2
00000000-0000-0000-0000-000000000063,AGNET by SHIBUYA109 – CROSSING VIEW,MAGNET by SHIBUYA109 – クロッシングビュー,Rooftop deck with a direct view of Shibuya Crossing. Small fee applies.,スクランブル交差点を真正面から見下ろせる屋上展望台。フォトスポットとして人気。,渋谷,渋谷区,00000000-0000-0000-0000-000000000012,https://www.shibuya109.jp/,有料（¥300程度）、混雑時あり。夕方〜夜の眺めもおすすめ。,"Paid (around ¥300), can be crowded. Evening to night views also recommended.",1
00000000-0000-0000-0000-000000000064,tarbucks Shibuya Tsutaya,スターバックス渋谷TSUTAYA,Popular Starbucks with large windows facing the crossing.,渋谷スクランブル交差点が窓から見えるスターバックス。観光客に人気の映えスポット。,渋谷,渋谷区,00000000-0000-0000-0000-000000000012,https://www.starbucks.co.jp/,席取り困難。運よく窓際席が取れれば交差点ビューをゆっくり楽しめる。,"Hard to get seats. If you're lucky to get a window seat, you can enjoy the crossing view leisurely.",2
00000000-0000-0000-0000-000000000065,hibuya Excel Hotel Tokyu – Lobby,渋谷エクセルホテル東急 ロビー,Hotel lobby and bar area with window views of the crossing.,ロビーやバーから交差点を見下ろせるホテル。宿泊しなくても利用可能なカフェも。,渋谷,渋谷区,00000000-0000-0000-0000-000000000012,https://www.tokyuhotels.co.jp/shibuya-e/,静かに交差点を眺めたい人におすすめ。宿泊での利用も人気。,Recommended for those who want to quietly view the crossing. Popular for overnight stays.,2
00000000-0000-0000-0000-000000000066,ew York Grill (Park Hyatt),ニューヨークグリル（パークハイアット）,"High-rise dining with skyline views, featured in ""Lost in Translation"".",映画でも有名な新宿上空の夜景が楽しめるラグジュアリーレストラン。,新宿,新宿区,00000000-0000-0000-0000-000000000012,https://www.hyatt.com/,ドレスコードあり。記念日やデート向き。,Dress code required. Good for anniversaries and dates.,3
00000000-0000-0000-0000-000000000067,estaurant Luke with Sky Lounge,レストラン ルーク ウィズ スカイラウンジ,Modern dining with Tokyo Tower and Skytree views from 47th floor.,東京タワーとスカイツリーを一望できる47階からの絶景レストラン。,築地,中央区,00000000-0000-0000-0000-000000000012,https://restaurant-luke.com/,結婚式やイベント利用も多め。晴れた日のランチも◎。,Popular for weddings and events. Great for lunch on sunny days.,3
00000000-0000-0000-0000-000000000068,he Sky (Hotel New Otani),ザ・スカイ（ホテルニューオータニ）,Rotating buffet with 360° panoramic views of Tokyo.,東京を一望できる回転レストランでのビュッフェ。,赤坂・紀尾井町,港区,00000000-0000-0000-0000-000000000012,https://www.newotani.co.jp/,子連れにも人気。ビュッフェ形式で好きなものを選べる。,Popular with families. Buffet style lets you choose what you like.,2
00000000-0000-0000-0000-000000000069,eppanyaki Ten (Shinjuku NS Bldg),鉄板焼 天（新宿NSビル）,Teppanyaki dining with city views from the 29th floor.,29階からの夜景と共に鉄板焼が楽しめる。接客の評判も高い。,新宿,新宿区,00000000-0000-0000-0000-000000000012,https://www.tokyuhotels.co.jp/,お祝い利用にも最適。ドレスコードはないがきれいめが無難。,Perfect for celebrations. No dress code but smart casual recommended.,2
00000000-0000-0000-0000-000000000070,ky Restaurant 634 (Musashi),スカイレストラン634（むさし）,Fine dining inside Tokyo Skytree with French-Japanese fusion cuisine.,スカイツリー内の高級ダイニング。和フレンチで特別な体験を提供。,墨田区,墨田区,00000000-0000-0000-0000-000000000012,https://www.tokyo-skytree.jp/restaurant/,小学生以上推奨。予約必須。ランチも夜も美景。,Recommended for elementary school students and above. Reservations required. Beautiful views for lunch and dinner.,3
00000000-0000-0000-0000-000000000071,bientot (Shibuya Excel Hotel),アビエント（渋谷エクセルホテル）,Modern French dining overlooking Shibuya Crossing.,渋谷交差点を眼下に望める穴場的レストラン。アクセスも抜群。,渋谷,渋谷区,00000000-0000-0000-0000-000000000012,https://www.tokyuhotels.co.jp/shibuya-e/restaurant/,子連れランチにも、記念日にも◎。窓際席予約推奨。,Great for family lunches and anniversaries. Window seat reservations recommended.,2
00000000-0000-0000-0000-000000000072,ky Lounge Stellar Garden (Prince Park Tower),スカイラウンジ ステラガーデン,"Tokyo Tower right outside the window, best enjoyed with cocktails.",東京タワーを間近に感じられる幻想的な夜景ラウンジ。,芝公園,港区,00000000-0000-0000-0000-000000000012,https://www.princehotels.co.jp/parktower/,子連れはランチ帯か、個室プランでの利用がよい。,"For families, lunch time or private room plans are recommended.",2
00000000-0000-0000-0000-000000000073,anayashiki Panda Car,浅草花やしき・パンダカー観覧車,Small nostalgic Ferris wheel in Japan's oldest amusement park.,日本最古の遊園地「花やしき」にあるレトロな小型観覧車。,浅草,台東区,00000000-0000-0000-0000-000000000012,https://www.hanayashiki.net/,高さは控えめだが、下町ビューと雰囲気が魅力,Height is modest but the downtown view and atmosphere are appealing,1
00000000-0000-0000-0000-000000000074,asai Rinkai Park Ferris Wheel,葛西臨海公園ダイヤと花の大観覧車,One of Japan's largest Ferris wheels with views of Tokyo Bay and Disney.,ディズニーリゾート・スカイツリー・富士山も見える大型観覧車。,江戸川区,江戸川区,00000000-0000-0000-0000-000000000012,https://www.tokyo-park.or.jp/park/format/facilities026.html,1周17分、夜景＆イルミネーションも◎,"17 minutes per rotation, night views and illuminations also great",1
00000000-0000-0000-0000-000000000075,okohama Cosmo Clock 21,コスモクロック21（横浜）,Landmark Ferris wheel with LED clock and bay views in Minato Mirai.,みなとみらいのシンボル。観覧車に時計がついており、夜景も絶景。,横浜,横浜市,00000000-0000-0000-0000-000000000012,https://www.yokohama-landmark.jp/web/cosmo/,東京から日帰りで行ける。カップルにも人気。,Accessible as a day trip from Tokyo. Popular with couples.,1
00000000-0000-0000-0000-000000000076,hibuya Scramble Square,渋谷スクランブルスクエア,"High-rise shopping complex with fashion, gourmet, and panoramic views.",ファッションやグルメが揃う大型複合施設。展望台「渋谷スカイ」も人気。,渋谷,渋谷区,00000000-0000-0000-0000-000000000010,https://www.shibuya-scramble-square.com/,展望台目的でも訪問価値あり。,Worth visiting even just for the observatory.,4
00000000-0000-0000-0000-000000000077,on Quijote Shibuya,ドン・キホーテ 渋谷店,Popular discount store chain offering everything from snacks to cosmetics.,雑貨から化粧品まで何でも揃う激安ショップ。観光客にも大人気。,渋谷,渋谷区,00000000-0000-0000-0000-000000000010,https://www.donki.com/,免税対応・24時間営業,"Tax-free service, 24-hour operation",2
00000000-0000-0000-0000-000000000078,aiso Harajuku,ダイソー 原宿店,100-yen shop offering a wide range of household goods and cute items.,見た目もかわいいアイテムが揃う100円ショップ。原宿らしい品揃え。,原宿,渋谷区,00000000-0000-0000-0000-000000000010,https://www.daiso-sangyo.co.jp/,外国人にも人気の日本製小物が多い。,Many Japanese-made accessories popular with foreigners.,1
00000000-0000-0000-0000-000000000079,OFT Shibuya,ロフト 渋谷店,"Stylish store with stationery, home decor, health and beauty goods.",おしゃれ文具・雑貨・コスメが揃う、流行感度の高いショップ。,渋谷,渋谷区,00000000-0000-0000-0000-000000000010,https://www.loft.co.jp/,季節ごとに特設コーナーあり,Special corners for each season,2
00000000-0000-0000-0000-000000000080,LAZA Ginza,プラザ 銀座店,Trendy cosmetics and lifestyle store for young women.,若い女性に人気のトレンド雑貨やコスメが並ぶセレクトショップ。,銀座,中央区,00000000-0000-0000-0000-000000000010,https://www.plazastyle.com/,キャンメイクなど日本ブランドも豊富,Rich selection of Japanese brands like Canmake,2
00000000-0000-0000-0000-000000000081,okémon Center Mega Tokyo,ポケモンセンターメガトウキョー,Large Pokémon merchandise store with exclusive items.,ポケモン公式グッズが揃う大型ショップ。ゲーム体験スペースもあり。,池袋,豊島区,00000000-0000-0000-0000-000000000010,https://www.pokemon.co.jp/gp/pokecen/megatokyo/,カフェや他キャラショップと併設,Combined with cafe and other character shops,2
00000000-0000-0000-0000-000000000082,anrio World Ginza,サンリオワールド銀座,Sanrio flagship store featuring Hello Kitty and friends.,ハローキティなどサンリオキャラの総本山的ショップ。,銀座,中央区,00000000-0000-0000-0000-000000000010,https://www.sanrio.co.jp/shop/sh6800100/,外国人観光客の写真スポットにも,Also a photo spot for foreign tourists,2
00000000-0000-0000-0000-000000000083,atsumoto Kiyoshi Shinjuku,マツモトキヨシ 新宿東口店,Drugstore known for wide cosmetic and skincare selection.,化粧品・スキンケア品が豊富なドラッグストア。免税も対応。,新宿,新宿区,00000000-0000-0000-0000-000000000010,https://www.matsukiyo.co.jp/,人気商品に外国語表記あり,Popular products have foreign language labels,2
00000000-0000-0000-0000-000000000084,setan Shinjuku,伊勢丹 新宿店,Premium department store known for fashion and gourmet.,高級ブランドから和菓子まで揃う老舗百貨店。グルメフロアが特に人気。,新宿,新宿区,00000000-0000-0000-0000-000000000010,https://www.isetan.mistore.jp/shinjuku.html,地下のデパ地下フードはお土産にも◎,Basement food floor great for souvenirs too,3
00000000-0000-0000-0000-000000000085,okyu Hands Shibuya,東急ハンズ 渋谷店,Large DIY and lifestyle goods store with unique Japanese items.,手芸・文房具・コスメまで独自の品揃えが魅力。,渋谷,渋谷区,00000000-0000-0000-0000-000000000010,https://hands.net/,一部フロアがリニューアル中（時期に注意）,Some floors under renovation (check timing),2
00000000-0000-0000-0000-000000000086,EAMS JAPAN Shinjuku,ビームス ジャパン 新宿本店,"Select shop focused on Japanese craftsmanship, culture, fashion and art.",日本の職人技・デザイン・食・文化を発信するコンセプトストア。,新宿,新宿区,00000000-0000-0000-0000-000000000010,https://www.beams.co.jp/shop/j/,地下から上層階までカテゴリ別に構成。観光にも◎,Organized by category from basement to upper floors. Great for sightseeing too,3
00000000-0000-0000-0000-000000000087,okyu Plaza Ginza KIRIKO LOUNGE,東急プラザ銀座「キリコラウンジ」,Beautiful rooftop and floor featuring Japanese brands and crafts.,和風で洗練された雑貨・カフェが集結。銀座らしい空間。,銀座,中央区,00000000-0000-0000-0000-000000000010,https://ginza.tokyu-plaza.com/,ラウンジスペースでのんびりも可,Can relax in the lounge space too,2
00000000-0000-0000-0000-000000000088,apan Traditional Crafts Aoyama,日本の伝統工芸 青山スクエア,Official shop featuring traditional crafts from all over Japan.,全国の伝統工芸品を展示・販売する公的ギャラリーショップ。,青山一丁目,港区,00000000-0000-0000-0000-000000000010,https://kougeihin.jp/e/,子連れ向きではないが、ギフト探しにおすすめ,Not suitable for families with children but recommended for gift shopping,2
00000000-0000-0000-0000-000000000089,akamura Tokichi Ginza Store,中村藤吉本店 銀座店,Famous Uji tea shop with elegant matcha sweets and tea tools.,宇治の老舗茶舗による和モダンカフェと茶道具・菓子販売。,銀座,中央区,00000000-0000-0000-0000-000000000010,https://tokichi.jp/,カフェ利用にも◎,Great for cafe use too,2
00000000-0000-0000-0000-000000000090,atsuya Ginza Design Collection,松屋銀座 デザインコレクション,Section within Matsuya Ginza showcasing Japanese modern design.,国内外のデザイナーによる日本発プロダクトが充実。,銀座,中央区,00000000-0000-0000-0000-000000000010,https://www.matsuya.com/ginza/,大人向け。文房具や食器好きにはたまらない場所,For adults. A must-visit place for stationery and tableware lovers,2
00000000-0000-0000-0000-000000000091,ritsugu Tsukiji,築地有次,Legendary knife shop with hand-forged Japanese kitchen tools.,職人が打つ日本包丁の老舗。料理好きへのお土産に最適。,築地,中央区,00000000-0000-0000-0000-000000000010,http://www.aritsugu.jp/,試し切りや職人との会話が可能（英語OKスタッフもいる場合あり）,Test cutting and conversation with craftsmen possible (some staff may speak English),2
00000000-0000-0000-0000-000000000092,47 MUSEUM / d47 design travel store,d47 ミュージアム／トラベルストア,A museum and store showcasing crafts and culture from all 47 prefectures.,47都道府県の「らしさ」をデザインと共に紹介するミュージアム＆物販。,渋谷（ヒカリエ8F）,渋谷区,00000000-0000-0000-0000-000000000010,https://www.d-department.com/museum,同フロアにカフェ・書店併設、雨の日にも◎,"Cafe and bookstore on the same floor, great for rainy days too",2
00000000-0000-0000-0000-000000000093,apan Local Souvenir Museum,日本各地のおみやげミュージアム風ショップ,"Discover snacks, crafts, and goods from Japan's regions in one place.",銀座エリアに全国のアンテナショップが集まっている。,銀座,中央区,00000000-0000-0000-0000-000000000010,https://www.ginza-antenna.com/,地方別にめぐるだけでも楽しい,Fun to explore by region,2
00000000-0000-0000-0000-000000000094,akimori,カキモリ,"Customizable notebooks and inks in a stylish, handmade-oriented store.",自分だけのノートやインクを作れる文具専門店。,蔵前,台東区,00000000-0000-0000-0000-000000000010,https://www.kakimori.com/,予約制体験あり。英語対応OK,Reservation-based experience available. English support OK,2
00000000-0000-0000-0000-000000000095,toya Ginza,銀座・伊東屋,Flagship stationery store with design-focused Japanese and global items.,デザイン重視の文具セレクト。和紙や手紙用品も豊富。,銀座,中央区,00000000-0000-0000-0000-000000000010,https://www.ito-ya.co.jp/,12階のカフェ、1階のお土産向けも魅力,12th floor cafe and 1st floor souvenir section are also appealing,2
00000000-0000-0000-0000-000000000096,zu Washi,小津和紙,Historic washi shop with traditional paper and calligraphy goods.,江戸時代創業の老舗和紙店。ワークショップもあり。,日本橋,中央区,00000000-0000-0000-0000-000000000010,https://www.ozuwashi.net/,和の美しさを感じる空間、観光ついでに立ち寄りやすい,"Space where you can feel Japanese beauty, easy to stop by while sightseeing",2
00000000-0000-0000-0000-000000000097,raveler's Factory,トラベラーズファクトリー,Iconic notebooks and travel-themed stationery with a vintage feel.,海外にもファンの多い旅系文具。限定品もあり。,中目黒,目黒区,00000000-0000-0000-0000-000000000010,https://www.travelers-company.com/,飛行機チケット風ノートやスタンプが人気,Airplane ticket-style notebooks and stamps are popular,2
00000000-0000-0000-0000-000000000098,EGO Harajuku Flagship,WEGO 原宿本店,"Trendy fashion brand known for colorful, nostalgic, and affordable items for Gen Z.",Y2K系・韓国風・個性派アイテム満載の原宿系ブランド。Z世代に人気。,原宿,渋谷区,00000000-0000-0000-0000-000000000010,https://www.wego.jp/,学生〜若年層向け。プチプラでバラマキ土産にも◎,For students and young people. Great for affordable souvenir shopping,2
00000000-0000-0000-0000-000000000099,HIBUYA 109,渋谷109,Iconic fashion building packed with trendsetting brands and pop-up events.,ガールズカルチャーの聖地。多くの若者向けブランドが出店。,渋谷,渋谷区,00000000-0000-0000-0000-000000000010,https://www.shibuya109.jp/,イベントやコラボカフェも頻繁に開催,Events and collaboration cafes are frequently held,2
00000000-0000-0000-0000-000000000100,tmos Tokyo,アトモス 東京,Popular sneaker boutique offering limited-edition collaborations.,日本発ストリート系スニーカーショップ。海外限定コラボも多く扱う。,原宿,渋谷区,00000000-0000-0000-0000-000000000010,https://www.atmos-tokyo.com/,行列・抽選販売あり。コレクター向け,Lines and lottery sales available. For collectors,2
00000000-0000-0000-0000-000000000101,APE STORE Harajuku,ベイプストア 原宿,Japan's iconic streetwear brand known for camouflage and bold graphics.,カモ柄・エイプモチーフが特徴の日本発ストリートブランド。,原宿,渋谷区,00000000-0000-0000-0000-000000000010,https://bape.com/,人気ブランドのため一部商品は即完売,Popular brand so some items sell out immediately,3
00000000-0000-0000-0000-000000000102,TUDIOUS Tokyo,ステュディオス東京,Curated Japanese fashion brands with minimalist and urban styles.,日本発のモード系ブランドを扱うセレクトショップ。,表参道,渋谷区,00000000-0000-0000-0000-000000000010,https://studious.co.jp/,海外バイヤーや感度の高い観光客に人気,Popular with overseas buyers and fashion-conscious tourists,3
00000000-0000-0000-0000-000000000103,G TOKYO,2Gトーキョー,"Concept space blending fashion, art, and sneakers.",現代アート・スニーカー・アパレルが融合する体験型ショップ。,渋谷（渋谷パルコ内）,渋谷区,00000000-0000-0000-0000-000000000010,https://2gtokyo.com/,アート好きの10〜30代に人気,Popular with art lovers aged 10-30,2
00000000-0000-0000-0000-000000000104,OU・SOU Kyoto TOKYO,ソウソウ 京都東京店,"Bold, colorful Japanese patterns reimagined as modern streetwear and footwear.",日本の伝統模様・足袋を現代風に展開。海外からの人気も高い。,新宿,新宿区,00000000-0000-0000-0000-000000000010,https://www.sousou.co.jp/,ファッション＋文化体験の両面でおすすめ,Recommended for both fashion and cultural experience,2
00000000-0000-0000-0000-000000000105,OODS Shibuya,フッズ 渋谷,"Official store for NEIGHBORHOOD and WTAPS, core Japanese streetwear brands.",ハード系ストリートファンに人気の2ブランドを扱う公式ショップ。,渋谷,渋谷区,00000000-0000-0000-0000-000000000010,https://www.neighborhood.jp/,商品単価は高め。男性中心のファンが多い,Items are expensive. Mostly male fans,3
00000000-0000-0000-0000-000000000106,OVER STREET MARKET Ginza,ドーバーストリートマーケット銀座,Conceptual multi-brand fashion store including COMME des GARÇONS and BAPE collaborations.,コムデギャルソン系を中心としたコンセプトファッション複合店。,銀座,中央区,00000000-0000-0000-0000-000000000010,https://ginza.doverstreetmarket.com/,アート好きにも◎。美術館のような空間体験,Great for art lovers too. Museum-like space experience,3
00000000-0000-0000-0000-000000000107,NDERCOVER Aoyama,アンダーカバー 青山店,"Avant-garde brand mixing punk, art, and fashion.",モード×アートな世界観で海外のバイヤーにも人気。,青山,港区,00000000-0000-0000-0000-000000000010,https://store.undercoverism.com/,ファッション感度の高い大人向け。,For fashion-conscious adults.,3
00000000-0000-0000-0000-000000000108,ACAI Aoyama,サカイ 青山本店,A globally recognized Japanese brand combining sport and luxury in hybrid designs.,ナイキとのコラボで爆発的ヒットした東京発ブランド。,青山,港区,00000000-0000-0000-0000-000000000010,https://www.sacai.jp/,商品価格は高め。展示空間も洗練されている,Items are expensive. Display space is also sophisticated,3
00000000-0000-0000-0000-000000000109,ISVIM F.I.L. Tokyo,ヴィズヴィム FIL 東京,Ultra-premium brand blending native motifs and vintage Americana with Japanese craft.,民族柄やビンテージ感の強いクラフト系ストリート。価格帯はかなり高い。,中目黒,目黒区,00000000-0000-0000-0000-000000000010,https://www.visvim.tv/,玄人・コレクター層に圧倒的支持,Overwhelming support from connoisseurs and collectors,3
00000000-0000-0000-0000-000000000110,OMME des GARÇONS Aoyama,コム デ ギャルソン 青山本店,"Avant-garde, genderless fashion icon designed by Rei Kawakubo.",世界的デザイナー川久保玲による前衛的ブランド。,青山,港区,00000000-0000-0000-0000-000000000010,https://www.comme-des-garcons.com/,カルト的ファンが多く、美術館のような世界観,"Many cult fans, museum-like world view",3
00000000-0000-0000-0000-000000000111,INS Shibuya,JINS 渋谷店,"Fast, stylish, and affordable glasses with on-site eye exams.",おしゃれで安価な即日メガネ。視力検査も無料。,渋谷,渋谷区,00000000-0000-0000-0000-000000000010,https://www.jins.com/,30〜60分仕上げ／英語接客あり,30-60 minutes completion / English service available,1
00000000-0000-0000-0000-000000000112,off Harajuku,Zoff 原宿店,Trendy frames and pop-culture collabs. No prescription required.,トレンド系フレーム多数。ポケモン等の限定コラボも人気。,原宿,渋谷区,00000000-0000-0000-0000-000000000010,https://www.zoff.co.jp/,原宿散策ついでに立ち寄れる／免税対応,Easy to stop by while strolling Harajuku / Tax-free service,1
00000000-0000-0000-0000-000000000113,WNDAYS Shinjuku,OWNDAYS 新宿店,Great for tourists: English-speaking staff and tax-free purchases.,海外展開多数。英語対応◎、20分仕上げも可能。,新宿,新宿区,00000000-0000-0000-0000-000000000010,https://www.owndays.com/,海外発送も可能。観光客に一番人気,Overseas shipping available. Most popular with tourists,1
00000000-0000-0000-0000-000000000114,egane Ichiba Ginza,眼鏡市場 銀座本店,High-quality service with a more classic lineup.,落ち着いたデザイン・品質志向の人向け。地方展開もあり。,銀座,中央区,00000000-0000-0000-0000-000000000010,https://www.meganeichiba.jp/,英語対応は限られるが、信頼性高,Limited English support but highly reliable,2
00000000-0000-0000-0000-000000000115,INS TOKYO MIDTOWN,JINS 東京ミッドタウン店,Stylish location with eye wellness experience zones.,デザイン性・体験性が高い店舗。リラックス空間もあり。,六本木・赤坂,港区,00000000-0000-0000-0000-000000000010,https://www.jins.com/jp/shop/tokyo-midtown/,周辺はおしゃれなカフェや公園も多く観光向き,"Surrounding area has many stylish cafes and parks, good for sightseeing",2
00000000-0000-0000-0000-000000000116,eno Zoo,上野動物園,Japan's oldest zoo with pandas and over 400 species.,日本最古の動物園。パンダをはじめ、400種以上の動物が見られる。,上野,台東区,00000000-0000-0000-0000-000000000005,https://www.tokyo-zoo.net/zoo/ueno/,広い園内。ベビーカーOK、授乳室・休憩所あり。,"Large grounds. Strollers OK, nursing room and rest areas available.",4
00000000-0000-0000-0000-000000000117,umida Aquarium,すみだ水族館,"Indoor modern aquarium with jellyfish, penguins, and Tokyo Skytree view.",スカイツリー直結のおしゃれな水族館。クラゲ展示が人気。,押上,墨田区,00000000-0000-0000-0000-000000000005,https://www.sumida-aquarium.com/,駅直結でアクセス抜群。雨の日にもおすすめ。,Direct station access. Also recommended for rainy days.,3
00000000-0000-0000-0000-000000000118,qua Park Shinagawa,アクアパーク品川,High-tech aquarium with dolphin shows and light effects.,光と音の演出が特徴の水族館。イルカショーも楽しめる。,品川,品川区,00000000-0000-0000-0000-000000000005,https://www.aqua-park.jp/aqua/,駅から近くてコンパクト。ベビーカーでも回りやすい。,Close to station and compact. Easy to navigate with strollers.,3
00000000-0000-0000-0000-000000000119,okyo Disneyland,東京ディズニーランド,Disney's magical world with rides and parades for all ages.,パレードや小さな子でも楽しめるアトラクションが充実。,千葉・舞浜,千葉県,00000000-0000-0000-0000-000000000005,https://www.tokyodisneyresort.jp/,ベビーセンター・ベビーカー貸出あり。混雑日は早めの行動を。,Baby center and stroller rental available. Take early action on crowded days.,8
00000000-0000-0000-0000-000000000120,anrio Puroland,サンリオピューロランド,Indoor theme park with Hello Kitty and Sanrio friends.,サンリオキャラと会える屋内パーク。幼児～小学生に人気。,多摩,多摩市,00000000-0000-0000-0000-000000000005,https://www.puroland.jp/,雨の日も快適。キャラと写真が撮れるグリーティングが充実。,Comfortable even on rainy days. Plenty of character greetings for photos.,6
00000000-0000-0000-0000-000000000121,SOBono!,アソボ〜ノ！,Large indoor play space for children with zones by age.,赤ちゃんから小学生まで楽しめる大型屋内遊び場。,水道橋,文京区,00000000-0000-0000-0000-000000000005,https://www.tokyo-dome.co.jp/asobono/,東京ドームシティ内。雨の日も安心。,Inside Tokyo Dome City. Safe even on rainy days.,3
00000000-0000-0000-0000-000000000122,idZania Tokyo,キッザニア東京,Role-playing city where kids can experience 100+ real-world jobs.,子どもが本格的な職業体験ができる大人気施設。,豊洲,江東区,00000000-0000-0000-0000-000000000005,https://www.kidzania.jp/tokyo/en/,英語プログラム「English Wednesday」あり。,English program 'English Wednesday' available.,6
00000000-0000-0000-0000-000000000123,ational Museum of Nature and Science,国立科学博物館,Extensive science and nature exhibits including dinosaur fossils.,恐竜骨格など子どもが楽しめる展示が豊富な博物館。,上野,台東区,00000000-0000-0000-0000-000000000005,https://www.kahaku.go.jp/,常設展は中学生以下無料。,Permanent exhibitions free for junior high school students and below.,3
00000000-0000-0000-0000-000000000124,iverCity Gundam Plaza,ダイバーシティ ガンダムプラザ,Life-sized Gundam statue with light shows and shop.,実物大ガンダム像が人気。光の演出や関連ショップあり。,お台場,港区,00000000-0000-0000-0000-000000000005,https://www.unicorn-gundam-statue.jp/,夜のライトアップも必見。,Night illumination is also a must-see.,2
00000000-0000-0000-0000-000000000125,daiba Seaside Park,お台場海浜公園,Urban beach park with views of Rainbow Bridge.,砂浜や海辺で遊べる都会のリゾート公園。,お台場,港区,00000000-0000-0000-0000-000000000005,https://www.tptc.co.jp/park/01_02,晴れの日のピクニックや砂遊びに最適。,Perfect for picnics and sand play on sunny days.,2
00000000-0000-0000-0000-000000000126,sakusa Water Bus,浅草 水上バス,Sightseeing water bus connecting Asakusa and Odaiba.,浅草からお台場へ。水上から東京観光が楽しめるクルーズ体験。,浅草〜お台場,台東区,00000000-0000-0000-0000-000000000005,https://www.suijobus.co.jp/,デザイン船「ヒミコ」も子どもに人気。,Design ship 'Himiko' is also popular with children.,1
00000000-0000-0000-0000-000000000127,okémon Café,ポケモンカフェ,Reservations-only café with cute Pokémon-themed dishes.,ピカチュウのカレーやラテアートなど、写真映えメニュー多数。,日本橋,中央区,00000000-0000-0000-0000-000000000005,https://www.pokemoncenter-online.com/cafe/,完全予約制。隣接するポケモンセンターもセットで楽しめる。,Reservation only. Can also enjoy the adjacent Pokemon Center together.,2
00000000-0000-0000-0000-000000000128,oomin House Café,ムーミンハウスカフェ,Café where Moomin plushies join you at the table.,ムーミンと一緒に食事が楽しめる癒し系カフェ。,水道橋,文京区,00000000-0000-0000-0000-000000000005,https://benelic.com/moomin_cafe/,東京ドームシティ内。空いてる午前がおすすめ。,Inside Tokyo Dome City. Less crowded mornings recommended.,2
00000000-0000-0000-0000-000000000129,iffy Café,ミッフィーカフェ,Cute Miffy-themed café with seasonal menus and photo ops.,ミッフィーの世界観を楽しめる期間限定カフェ。,銀座,中央区,00000000-0000-0000-0000-000000000005,https://miffycafe.tokyo/,開催時期に注意。事前予約推奨。,Check event period. Advance reservations recommended.,2
00000000-0000-0000-0000-000000000130,anrio Café,サンリオカフェ,A café offering Sanrio-themed food and drinks for fans of Hello Kitty and friends.,ハローキティやポムポムプリンなどのキャラメニューが楽しめる。,池袋,豊島区,00000000-0000-0000-0000-000000000005,https://www.sanrio.co.jp/news/mx-sanriocafe-ikebukuro-20201022/,テイクアウトも充実。,Takeout also available.,2
00000000-0000-0000-0000-000000000131,umikko Gurashi Café,すみっコぐらしカフェ,A themed café based on the popular Japanese character Sumikko Gurashi.,すみっコぐらしの世界を再現したメニューやグッズが魅力。,渋谷,渋谷区,00000000-0000-0000-0000-000000000005,https://sumikkogurashi-cafe.jp/,期間限定での開催が多い。要チェック。,Often held for limited periods. Check schedule.,2
00000000-0000-0000-0000-000000000132,EANUTS Café,スヌーピーカフェ（PEANUTS Café）,Snoopy-themed café with stylish interior and relaxed vibe.,スヌーピーの世界観を大人も楽しめるおしゃれカフェ。,中目黒,目黒区,00000000-0000-0000-0000-000000000005,https://www.peanutscafe.jp/,ベビーカーもOK。フォトスポット多数。,Strollers OK. Many photo spots.,2
00000000-0000-0000-0000-000000000133,ornelund Kid-O-Kid Toyosu,ボーネルンドあそびのせかい ららぽーと豊洲店,Safe indoor playground for toddlers with high-quality equipment.,年齢別にゾーンが分かれており、赤ちゃん〜小学生まで安心して遊べる。,豊洲,江東区,00000000-0000-0000-0000-000000000005,https://www.bornelund.co.jp/asobi/toyosu/,授乳室・おむつ替えスペース完備。ショッピングモール内。,Nursing room and diaper changing space available. Inside shopping mall.,3
00000000-0000-0000-0000-000000000134,ddy's Ice Cream,エディーズアイスクリーム,Colorful and photogenic ice cream popular on social media.,カラフルで可愛いアイスがSNS映え抜群。,原宿,渋谷区,00000000-0000-0000-0000-000000000005,https://www.instagram.com/eddysicecream/,子連れで気軽に立ち寄れるスイーツスポット。,Easy to stop by with children for sweets.,1
00000000-0000-0000-0000-000000000135,oyama Flower Market Tea House,青山フラワーマーケット ティーハウス,Floral-themed café surrounded by seasonal greenery and flowers.,花と緑に囲まれた癒しのカフェ。大人も子どももリラックスできる空間。,表参道,港区,00000000-0000-0000-0000-000000000005,https://www.afm-teahouse.com/,ベビーカー入店可能。昼前が空いていておすすめ。,Strollers allowed. Less crowded before noon recommended.,2
00000000-0000-0000-0000-000000000136,afé Ron Ron,カフェロンロン,All-you-can-eat revolving sweets café in Harajuku.,回転寿司スタイルでスイーツが回る夢のカフェ。時間制食べ放題。,原宿,渋谷区,00000000-0000-0000-0000-000000000005,https://tabelog.com/tokyo/A1306/A130601/13222871/,小学生〜女子人気。午後は混雑気味。,Popular with elementary school girls. Crowded in the afternoon.,2
00000000-0000-0000-0000-000000000137,hirohige's Cream Puff Factory,白髭のシュークリーム工房,Studio Ghibli-themed cream puffs shaped like Totoro.,トトロの形をしたシュークリームが名物の人気店。,世田谷,世田谷区,00000000-0000-0000-0000-000000000005,https://www.shiro-hige.com/,予約・テイクアウト推奨。早めの時間が◎。,Reservations and takeout recommended. Early time slots are best.,1
00000000-0000-0000-0000-000000000138,oCHA Cat Café Shibuya,猫カフェMoCHA 渋谷店,Stylish cat café in Shibuya with large windows and a relaxing atmosphere.,おしゃれな内装で人気の猫カフェ。大きな窓と心地よい空間が魅力。,渋谷,渋谷区,00000000-0000-0000-0000-000000000005,https://catmocha.jp/shibuya/,小学生以上入店可。混雑時は時間制限あり。,Elementary school students and above allowed. Time limits during busy periods.,2
00000000-0000-0000-0000-000000000139,emari no Oshiro,てまりのおしろ,Fantasy-themed cat café designed like a fairytale castle.,おとぎ話のような空間で猫と触れ合える幻想的カフェ。,吉祥寺,武蔵野市,00000000-0000-0000-0000-000000000005,https://www.temarinooshirona.com/,子ども向け内装が人気。6歳以上推奨。,Child-friendly interior popular. Recommended for ages 6 and up.,2
00000000-0000-0000-0000-000000000140,at Café Calico,きゃりこ 新宿店,Spacious cat café in Shinjuku with a wide variety of cat breeds.,新宿の大型猫カフェ。多くの種類の猫と触れ合える。,新宿,新宿区,00000000-0000-0000-0000-000000000005,https://catcafe.jp/shop_shinjuku.html,小学生以下は保護者同伴必須。,Parental accompaniment required for elementary school students and below.,2
00000000-0000-0000-0000-000000000141,IG ECHO Family Room Kichijoji,ビッグエコー 吉祥寺サンロード店 ファミリールーム,Private karaoke room with a slide and ball pool for children.,滑り台・ボールプール付きのファミリールームがあるカラオケ。,吉祥寺,武蔵野市,00000000-0000-0000-0000-000000000005,https://big-echo.jp/,事前予約推奨。休日は混みやすい。,Advance reservations recommended. Crowded on holidays.,3
00000000-0000-0000-0000-000000000142,araoke BanBan Family Room Oji,カラオケBanBan 王子店 ファミリールーム,Affordable karaoke chain with a dedicated kids playroom including slides.,キッズスペース付きのファミリールームあり。滑り台付きで子連れに人気。,王子,北区,00000000-0000-0000-0000-000000000005,https://www.karaokebanban.com/,英語メニューはなし。日本語OKな同行者推奨。,No English menu. Japanese-speaking companion recommended.,3
00000000-0000-0000-0000-000000000143,ASELA Resorts Shinjuku Yasukuni,パセラリゾーツ新宿靖国通り店,Family karaoke with wide anime song selection and kids menu.,子連れ歓迎・アニメ曲充実。キッズプレートやぬいぐるみ貸出あり。,新宿,新宿区,00000000-0000-0000-0000-000000000005,https://www.pasela.co.jp/shop/yasukuni/,プリキュア、ポケモン、ジブリ、ディズニーなど多数。,"Many songs from Precure, Pokemon, Ghibli, Disney, etc.",3
00000000-0000-0000-0000-000000000144,araoke no Tetsujin Akihabara,カラオケの鉄人 秋葉原店,Extensive catalog of anime songs and popular English hits. Otaku friendly.,アニメ・ボカロ・ゲーム曲が豊富。英語の洋楽ヒットも揃う。,秋葉原,千代田区,00000000-0000-0000-0000-000000000005,https://www.karatetsu.com/store/akihabara/,英語UIあり。ポケモン・ジャンプ系の曲も豊富。,English UI available. Many Pokemon and Jump series songs.,3
00000000-0000-0000-0000-000000000145,orinaga Hi-Chew Factory,森永製菓 鶴見工場（ハイチュウ）,Hi-Chew candy factory tour with tasting experience.,ハイチュウの製造ライン＆試食。子連れOK。事前予約制。,神奈川県横浜市,横浜市,00000000-0000-0000-0000-000000000005,,かなり人気で倍率高め。英語対応なし。,Very popular with high competition rate. No English support.,2
00000000-0000-0000-0000-000000000146,lico Pia East,グリコピア・イースト,Pocky and Pretz factory tour with quizzes and photo opportunities.,ポッキー・プリッツの製造見学、クイズや撮影可。家族で楽しめる。,埼玉県北本市,北本市,00000000-0000-0000-0000-000000000005,,無料、予約制。一部パネルは英語あり。,"Free, reservation required. Some panels have English.",2
00000000-0000-0000-0000-000000000147,up Noodle Museum Yokohama,カップヌードルミュージアム 横浜,Interactive museum where you can create your own cup noodles.,世界中から人気。自作ヌードル体験あり。ファミリー＋観光客にも超定番。,横浜みなとみらい,横浜市,00000000-0000-0000-0000-000000000005,,英語案内あり。予約推奨。,English guidance available. Reservations recommended.,3
00000000-0000-0000-0000-000000000148,he National Art Center Tokyo,国立新美術館,"Unique museum without permanent exhibits, known for its striking architecture.",常設展を持たないユニークな美術館。黒川紀章の建築も有名。,六本木,港区,00000000-0000-0000-0000-000000000006,https://www.nact.jp/,展示内容によっては子連れも楽しめるが、静かな雰囲気。,"Children can enjoy depending on exhibition content, but quiet atmosphere.",2
00000000-0000-0000-0000-000000000149,1_21 Design Sight,21_21デザインサイト,"Design museum created by Issey Miyake, designed by Tadao Ando.",三宅一生と安藤忠雄によるデザインミュージアム。,六本木,港区,00000000-0000-0000-0000-000000000006,https://www.2121designsight.jp/,子ども向けではないが、建築・空間体験として◎。,Not for children but great for architecture and space experience.,2
00000000-0000-0000-0000-000000000150,umida Hokusai Museum,すみだ北斎美術館,"Museum dedicated to Hokusai, with modern architecture by Kazuyo Sejima.",葛飾北斎の作品展示と、妹島和世設計の建築が特徴。,両国,墨田区,00000000-0000-0000-0000-000000000006,https://hokusai-museum.jp/,展示に興味があれば子どもも楽しめる。,Children can enjoy if interested in the exhibits.,2
00000000-0000-0000-0000-000000000151,ezu Museum,根津美術館,"Traditional art and a beautiful garden, housed in a Kengo Kuma-designed building.",日本美術と庭園、隈研吾の現代建築が融合した美術館。,表参道,港区,00000000-0000-0000-0000-000000000006,https://www.nezu-muse.or.jp/,静かな場所。子連れは落ち着いた年齢がおすすめ。,Quiet place. Children should be well-behaved.,2
00000000-0000-0000-0000-000000000152,useum of Contemporary Art Tokyo,東京都現代美術館,Tokyo's largest contemporary art museum with family programs.,現代アートの企画展多数。キッズプログラムも開催。,清澄白河,江東区,00000000-0000-0000-0000-000000000006,https://www.mot-art-museum.jp/,近くの公園やカフェと合わせて訪れるのも◎。,Also good to visit with nearby parks and cafes.,3
00000000-0000-0000-0000-000000000153,OTO Gallery·Ma,TOTOギャラリー・間,Gallery dedicated to architectural exhibitions and theory.,建築に特化した展示を行う専門ギャラリー。,乃木坂,港区,00000000-0000-0000-0000-000000000006,https://jp.toto.com/gallerma/,建築好きの親子にはおすすめ。静かな展示が多い。,Recommended for architecture-loving families. Many quiet exhibitions.,1
00000000-0000-0000-0000-000000000154,atari-um The Watari Museum of Contemporary Art,ワタリウム美術館,Contemporary art museum designed by Mario Botta.,マリオ・ボッタ設計の建築と、尖った現代アート企画展が特徴。,表参道,港区,00000000-0000-0000-0000-000000000006,https://www.watarium.co.jp/,小学生高学年以上向き。展示によって異なる。,For upper elementary school students and above. Varies by exhibition.,2
00000000-0000-0000-0000-000000000155,okyo Metropolitan Teien Art Museum,東京都庭園美術館,Art museum in an Art Deco mansion surrounded by gardens.,アールデコ洋館と庭園の優雅な空間。建築目当ての来館も多い。,白金台,港区,00000000-0000-0000-0000-000000000006,https://www.teien-art-museum.ne.jp/,静かで落ち着いた鑑賞向き。子ども連れは工夫が必要。,Quiet and calm for viewing. Requires planning with children.,2
00000000-0000-0000-0000-000000000156,inza Graphic Gallery (ggg),ギンザ・グラフィック・ギャラリー,Free graphic design exhibitions in central Tokyo.,世界のグラフィックデザインに触れられる無料ギャラリー。,銀座,中央区,00000000-0000-0000-0000-000000000006,https://www.dnpfcp.jp/gallery/ggg/,コンパクト。大人の息抜きに◎。,Compact. Great for adult breaks.,1
00000000-0000-0000-0000-000000000157,he National Museum of Western Art,国立西洋美術館,"Museum of Western art in a Le Corbusier-designed building, featuring classic European works.",ル・コルビュジエ設計の建築と西洋絵画コレクションが魅力の美術館。,上野,台東区,00000000-0000-0000-0000-000000000006,https://www.nmwa.go.jp/,建築好きにも人気。常設展は中学生以下無料。,Popular with architecture lovers. Permanent exhibitions free for junior high students and below.,3
00000000-0000-0000-0000-000000000158,okyo National Museum,東京国立博物館,Japan's oldest and largest museum showcasing traditional art and archaeology.,日本最古の国立博物館で、仏像・刀剣・屏風などの日本美術が充実。,上野,台東区,00000000-0000-0000-0000-000000000006,https://www.tnm.jp/,ファミリーツアーやキッズガイドあり。,Family tours and kids guides available.,4
00000000-0000-0000-0000-000000000159,okyo Metropolitan Art Museum,東京都美術館,Hosts rotating art exhibitions and public art programs.,多彩な企画展や公募展を開催。市民ギャラリーもあり。,上野,台東区,00000000-0000-0000-0000-000000000006,https://www.tobikan.jp/,カフェ・レストランも充実。ベビーカーOK。,Cafe and restaurant also available. Strollers OK.,3
00000000-0000-0000-0000-000000000160,he University Art Museum Tokyo University of the Arts,東京藝術大学大学美術館,Exhibitions of student and faculty works from Japan's top art university.,芸大ならではの多様な作品展を楽しめる、知的刺激のある美術館。,上野,台東区,00000000-0000-0000-0000-000000000006,https://museum.geidai.ac.jp/,芸術系の進路に興味ある子にもおすすめ。,Also recommended for children interested in art careers.,2
00000000-0000-0000-0000-000000000161,eversible Destiny Lofts Mitaka,三鷹天命反転住宅,Colorful experimental housing and art space designed by Arakawa + Gins.,荒川修作＋マドリン・ギンズによる色彩豊かな実験住宅。宿泊・見学可能。,三鷹,三鷹市,00000000-0000-0000-0000-000000000006,https://www.rdloftsmitaka.com/,建築体験ツアーや1泊宿泊プランあり。子ども連れも◎。,Architecture experience tours and one-night stay plans available. Good with children.,3
00000000-0000-0000-0000-000000000162,ayoi Kusama Museum,草間彌生美術館,A museum dedicated to Yayoi Kusama's colorful and immersive works.,草間彌生の作品を専門に展示する、予約制の美術館。,新宿（弁天町）,新宿区,00000000-0000-0000-0000-000000000006,https://yayoikusamamuseum.jp/,完全予約制・日時指定。エレベーターあり、ベビーカーOK（事前確認推奨）。,"Reservation only with time slots. Elevator available, strollers OK (advance confirmation recommended).",2
00000000-0000-0000-0000-000000000163,ori Art Museum,森美術館,Leading contemporary art museum in Tokyo with international exhibitions and skyline views.,国際的な現代アート展を多数開催する六本木ヒルズの美術館。展望台からの景色も魅力。,六本木,港区,00000000-0000-0000-0000-000000000006,https://www.mori.art.museum/,展望台（東京シティビュー）とセットのチケットが人気。子連れにも◎。,Popular combination tickets with observation deck (Tokyo City View). Good with children.,3
00000000-0000-0000-0000-000000000164,indaiji Daruma Market,深大寺だるま市,A historic market where lucky daruma dolls are sold.,だるまを買って目入れ祈願する伝統行事。家族連れも多く訪れる。,調布市・深大寺,調布市,00000000-0000-0000-0000-000000000007,,調布エリアの落ち着いた雰囲気。観光ついでにおすすめ。,Peaceful atmosphere in Chofu area. Recommended while sightseeing.,2
00000000-0000-0000-0000-000000000165,eno Park Cherry Blossom Viewing,上野恩賜公園 花見,One of Tokyo's most famous cherry blossom parks with museums and zoo.,桜と文化施設が融合。動物園・博物館とセットで1日楽しめる。,上野,台東区,00000000-0000-0000-0000-000000000007,,シートを広げる花見にも適している。,Suitable for hanami with picnic sheets.,3
00000000-0000-0000-0000-000000000166,hidorigafuchi Moat Cherry Blossom,千鳥ヶ淵緑道 花見,Moat-side blossoms with romantic boat rides and nighttime lighting.,皇居外堀沿いの桜が有名。ライトアップとボートで幻想的体験。,九段下・皇居周辺,千代田区,00000000-0000-0000-0000-000000000007,,ベビーカーOK。ボートは早め予約が安心。,Strollers OK. Early boat reservations recommended.,2
00000000-0000-0000-0000-000000000167,hinjuku Gyoen National Garden Cherry Blossom,新宿御苑 花見,"Spacious park with over 1,000 cherry trees, perfect for a calm stroll.",落ち着いた雰囲気で、混雑を避けたい家族に最適。ピクニックも◎,新宿御苑,新宿区,00000000-0000-0000-0000-000000000007,,アルコール不可なので安心感あり。,"No alcohol allowed, so feels safe.",3
00000000-0000-0000-0000-000000000168,umida Park Cherry Blossom,隅田公園 花見,Cherry blossoms along the Sumida River with Tokyo Skytree backdrop.,隅田川沿いに桜並木が続き、スカイツリーとの風景が美しい。,浅草・隅田川沿い,台東区,00000000-0000-0000-0000-000000000007,,浅草観光と組み合わせやすいルート。,Easy to combine with Asakusa sightseeing route.,2
00000000-0000-0000-0000-000000000169,eguro River Cherry Blossom Festival,目黒川桜まつり,Stunning riverside cherry blossom walk with evening lights.,目黒川沿いの桜が両岸に咲き誇り、夜は幻想的なライトアップも実施。,中目黒〜池尻大橋,目黒区,00000000-0000-0000-0000-000000000007,,混雑注意。川沿いは歩きやすく、写真映えスポット多い。,"Crowded. Easy walking along the river, many photo spots.",2
00000000-0000-0000-0000-000000000170,sakusa Sanja Matsuri,三社祭（浅草神社）,One of Tokyo's biggest traditional festivals with mikoshi parades.,江戸三大祭のひとつ。100基以上の神輿が練り歩く勇壮な光景。,浅草,台東区,00000000-0000-0000-0000-000000000007,,活気があり迫力あるが、未就学児連れには少し過酷な場面も。,Lively and powerful but can be harsh for families with preschoolers.,4
00000000-0000-0000-0000-000000000171,umida River Fireworks Festival,隅田川花火大会,"One of Tokyo's biggest fireworks shows with over 20,000 shells.",東京最大級の花火大会。隅田川沿いで2会場から打ち上げ。,浅草・隅田川沿い,台東区,00000000-0000-0000-0000-000000000007,,大変混雑するので子連れは早めの到着・対策が必要。,Very crowded so families need early arrival and preparation.,4
00000000-0000-0000-0000-000000000172,itama Matsuri at Yasukuni Shrine,靖国神社 みたままつり,Lantern-lit summer festival with food stalls and dances.,約3万の提灯が灯る幻想的なお祭り。屋台や盆踊りも人気。,九段下,千代田区,00000000-0000-0000-0000-000000000007,,夜のライトアップが美しいが混雑度高め。,Beautiful night illumination but high crowd levels.,3
00000000-0000-0000-0000-000000000173,ikugien Autumn Light-up,六義園 秋のライトアップ,Stunning nighttime maple foliage illumination in a traditional garden.,日本庭園での紅葉とライトアップのコラボが美しい。,駒込,文京区,00000000-0000-0000-0000-000000000007,,ベビーカーOK。夕方から混むので早めがおすすめ。,Strollers OK. Gets crowded in the evening so early arrival recommended.,2
00000000-0000-0000-0000-000000000174,okyo Tower Winter Light Fantasia,東京タワー ウィンターライトファンタジア,Seasonal light display with Tokyo Tower view and music.,東京タワーの夜景と光の演出が楽しめる冬限定イベント。,芝公園（港区）,港区,00000000-0000-0000-0000-000000000007,,東京観光と合わせて立ち寄りやすいスポット。,Easy to stop by while sightseeing in Tokyo.,2
00000000-0000-0000-0000-000000000175,daiba Rainbow Fireworks,お台場レインボー花火,Winter fireworks over the bay with Rainbow Bridge as backdrop.,冬の東京湾で行われる花火大会。夜景と合わせて楽しめる。,お台場海浜公園,港区,00000000-0000-0000-0000-000000000007,,寒さ対策必須。ベビーカー可。,Cold weather protection required. Strollers allowed.,3
00000000-0000-0000-0000-000000000176,okyo Dome City Winter Illumination,東京ドームシティ ウィンターイルミネーション,Giant seasonal light show with rides and attractions.,アミューズメント施設併設。家族でイルミと遊園地を一緒に楽しめる。,後楽園,文京区,00000000-0000-0000-0000-000000000007,,,"Many indoor facilities available, perfect for cold weather.",3
00000000-0000-0000-0000-000000000177,oenji Awa Odori Festival,高円寺阿波おどり,"One of Tokyo's largest Awa Odori festivals with over 10,000 dancers.",約1万人の踊り手が高円寺の商店街を舞い踊る大規模な夏祭り。,杉並区・高円寺,杉並区,00000000-0000-0000-0000-000000000007,,,"Held from evening to night. Full of energy and excitement but loud, so be careful with preschoolers.",4
00000000-0000-0000-0000-000000000178,hermae-yu Shinjuku,テルマー湯 新宿,Upscale spa facility with onsen-style baths and relaxation spaces.,新宿にある高級感ある都市型スパ。天然温泉や岩盤浴も楽しめる。,新宿,新宿区,00000000-0000-0000-0000-000000000008,https://thermae-yu.jp,,Open late. Choose quiet hours for families with children.,3
00000000-0000-0000-0000-000000000179,ount Takao Forest Therapy,高尾山 森林セラピー,Forest therapy walks in Mt. Takao with guides and nature immersion.,高尾山で森林浴＆自然体験。心身を癒す「森林セラピー」が人気。,八王子・高尾,八王子市,00000000-0000-0000-0000-000000000008,https://takaozanyuho.com/,,"Some courses not suitable for strollers, check in advance.",4
00000000-0000-0000-0000-000000000180,okyo Somei Onsen Sakura,東京染井温泉 Sakura,Natural hot spring with open-air baths and quiet atmosphere in Tokyo.,静かな雰囲気でゆったりできる天然温泉施設。露天風呂もあり。,駒込,文京区,00000000-0000-0000-0000-000000000008,https://sakura-2005.com/,,Families with children OK (consideration for quietness required).,3
00000000-0000-0000-0000-000000000181,noshima Island Spa (Enospa),江の島アイランドスパ,"Ocean-view spa with hot baths, massages, and a wellness focus.",海を望む絶景スパ。リラクゼーション施設が充実。,江の島,藤沢市,00000000-0000-0000-0000-000000000008,https://www.enospa.jp/,,Families with children OK (recommended for junior high school students and above). Popular for dates and girls' trips.,4
00000000-0000-0000-0000-000000000182,UTheater by Onsen Ryokan Yuen Shinjuku,湯宿YUEN 新宿,Stylish ryokan with open-air bath on rooftop in central Shinjuku.,新宿の中心で露天風呂を楽しめるデザイナーズ旅館。,新宿,新宿区,00000000-0000-0000-0000-000000000008,https://www.uds-hotels.com/yuen/shinjuku/,,Elementary school students and above OK. Quiet environment requires consideration for families with children.,3
00000000-0000-0000-0000-000000000183,uen Shinjuku,湯宿YUEN 新宿,Modern ryokan with rooftop open-air bath in Shinjuku.,洗練された和モダン旅館。屋上の露天風呂が魅力。,東京・新宿,新宿区,00000000-0000-0000-0000-000000000008,,,Elementary school students and above OK. Popular with foreign travelers.,3
00000000-0000-0000-0000-000000000184,do Sakura,江戸桜,Affordable ryokan with tatami rooms and tea ceremony experience.,畳の部屋や茶道体験が楽しめるリーズナブルな旅館。,東京・上野/根津,台東区,00000000-0000-0000-0000-000000000008,,,Good English support. Suitable for first-time ryokan experience.,4
00000000-0000-0000-0000-000000000185,yokan Kamogawa Asakusa,鴨川浅草,Traditional ryokan near Sensoji Temple with private bath option.,浅草寺近く。家族やカップル向けの落ち着いた和風旅館。,東京・浅草,台東区,00000000-0000-0000-0000-000000000008,,,Best futon. Highly rated by foreign tourists.,2
00000000-0000-0000-0000-000000000186,yokan Kimi,キミ旅館,Stylish and authentic ryokan with rooftop terrace and English staff.,和モダンな旅館。屋上テラスと英語対応が魅力。,東京・池袋,豊島区,00000000-0000-0000-0000-000000000008,,,Popular with young people and couples.,2
00000000-0000-0000-0000-000000000187,yokan Sawanoya,澤の屋旅館,Traditional family-run ryokan offering authentic Japanese experience.,下町の情緒ある古民家旅館。文化体験が楽しめる。,東京・谷根千,文京区,00000000-0000-0000-0000-000000000008,,,Famous ryokan supported by foreign travelers for many years.,2
00000000-0000-0000-0000-000000000188,chanomizu Ryumeikan Honten,龍名館本店,Modern ryokan with Western-style beds and private Japanese bath.,洋ベッド＆和風浴槽の快適旅館。アクセスも便利。,東京・御茶ノ水,文京区,00000000-0000-0000-0000-000000000008,,,Suitable for both business and tourism. English support available.,2
00000000-0000-0000-0000-000000000189,ip Top Tap,Tip Top Tap,Nail salon with New York-trained owner and subscription service.,ニューヨーク仕込みのオーナーが運営。定額ネイルサブスクあり。,麻布／代々木上原,港区,00000000-0000-0000-0000-000000000008,,,Relaxed space with stable technique. Good for regular use.,2
00000000-0000-0000-0000-000000000190,lana Jade,Elana Jade,"Nail salon offering shellac, pedicure, eyelash, facial, and waxing services.",シェラック、ペディキュアも対応。まつげ・フェイシャル・ワックスも備える。,麻布十番,港区,00000000-0000-0000-0000-000000000008,,,Comprehensive nail and beauty services available.,2
00000000-0000-0000-0000-000000000191,s NAIL,es NAIL,Established nail salon with high-quality service and technology since 2003.,2003年開店、技術・サービスともに高評価。,渋谷／新宿ほか,渋谷区,00000000-0000-0000-0000-000000000008,,,Multiple locations make reservations easy.,2
00000000-0000-0000-0000-000000000192,ail Salon Pinky,Nail Salon Pinky,Nail salon with English-speaking nail artists specializing in Calgel.,英語ネイリスト在籍。カルジェル推し。,渋谷,渋谷区,00000000-0000-0000-0000-000000000008,,,Owner provides careful treatment. 1 minute from Shibuya Station.,2
00000000-0000-0000-0000-000000000193,ail Salon Tonic,Nail Salon Tonic,Private studio with custom hand-painted art and extensions.,完全予約制プライベートスタジオ。手描きアート・エクステ対応。,恵比寿,渋谷区,00000000-0000-0000-0000-000000000008,,,Careful custom art and relaxed space.,2
00000000-0000-0000-0000-000000000194,op Coat,Top Coat,English-friendly nail salon open until 9 PM.,英語フレンドリー。夜21時まで営業。,芝／下北沢,港区,00000000-0000-0000-0000-000000000008,,,"2 locations, WhatsApp support available.",2
00000000-0000-0000-0000-000000000195,outuriere GINZA,クチュリエールGINZA,Nail salon with reclining sofas for comfortable treatment.,リクライニングソファでゆったり施術。,銀座,中央区,00000000-0000-0000-0000-000000000008,,,"Direct connection to Ginza Station, high-quality space for relaxed treatment.",3
00000000-0000-0000-0000-000000000196,thsete GINZA,エスシート銀座,Nail salon with English-speaking staff and bridal services.,英語対応スタッフ在籍。ブライダル・スカルプも対応。,銀座,中央区,00000000-0000-0000-0000-000000000008,,,Wide range of menu options available.,3
00000000-0000-0000-0000-000000000197,ail Quick,ネイルクイック（各店）,Chain nail salon with English menu and original gel products.,英語メニューあり。ジェルパフェジェルなど独自ジェル使用。,渋谷ほか全国チェーン,渋谷区,00000000-0000-0000-0000-000000000008,,,"Multiple locations provide peace of mind, familiar to foreign customers.",2
00000000-0000-0000-0000-000000000198,SPIRE NAILS by Shiori,ASPIRE NAILS（表参道）,High-end nail salon with competition champion specializing in elegant French.,日米コンテストチャンピオン在籍。上品なフレンチ得意。,表参道,渋谷区,00000000-0000-0000-0000-000000000008,,,"High quality, perfect for special day nails.",3
00000000-0000-0000-0000-000000000199,ynn nail salon,Lynn nail salon,Nail salon with JNEC/JNA certification and hand-painted art.,JNEC/JNA検定資格。手描き＆長さ出し対応。,渋谷,渋谷区,00000000-0000-0000-0000-000000000008,,,Overseas salon experience. Can handle details thoroughly.,2
00000000-0000-0000-0000-000000000200,UKOmanicure (Mobile Service),YUKOmanicure,Mobile nail service for hotels and homes with English-speaking staff.,英語でホーム＆ホテル出張ネイル。セレブクライアント対応。,出張／ホテル設置可,港区,00000000-0000-0000-0000-000000000008,,,Private treatment at hotels or homes. For VIP clients.,3
00000000-0000-0000-0000-000000000201,lue Note Tokyo,ブルーノート東京,High-end jazz club with dining options. Early evening shows suitable for families.,高級ジャズクラブ。食事あり。早い時間はOK。,南青山,港区,00000000-0000-0000-0000-000000000011,,,High-end jazz club with dining. Early hours OK.,3
00000000-0000-0000-0000-000000000202,illboard Live Tokyo,ビルボードライブ東京,World-class music venue with dining featuring international artists.,世界的アーティストも出演する音楽＆食事の複合施設。,六本木ミッドタウン,港区,00000000-0000-0000-0000-000000000011,,,World-class artists perform at this music and dining complex.,4
00000000-0000-0000-0000-000000000203,otton Club,コットンクラブ,Sophisticated adult jazz bar with English guidance.,落ち着いた大人のジャズバー。英語案内あり。,東京駅・丸の内,千代田区,00000000-0000-0000-0000-000000000011,,,Sophisticated adult jazz bar with English guidance.,3
00000000-0000-0000-0000-000000000204,é La Vi Tokyo,セラヴィ東京,Singapore-based luxury rooftop bar and dining with city views.,シンガポール発の高級ルーフトップバー＆ダイニング。,渋谷スクランブルスクエア,渋谷区,00000000-0000-0000-0000-000000000011,,,Singapore-based luxury rooftop bar and dining.,4
00000000-0000-0000-0000-000000000205,he Rooftop Bar – Andaz,アンダーズ東京 ルーフトップバー,Luxury hotel rooftop bar with Tokyo Tower views.,ラグジュアリーホテル最上階。東京タワービュー。,虎ノ門ヒルズ,港区,00000000-0000-0000-0000-000000000011,,,Luxury hotel top floor with Tokyo Tower view.,4
00000000-0000-0000-0000-000000000206,runk (Hotel) Rooftop Bar,トランクホテル ルーフトップバー,Stylish rooftop bar with weekend events.,おしゃれな空間。週末イベントもあり。,渋谷,渋谷区,00000000-0000-0000-0000-000000000011,,,Stylish space with weekend events.,3
00000000-0000-0000-0000-000000000207,okyo Bay Night Cruise,東京湾ナイトクルーズ,Dinner cruise with English support available on reservation.,ディナークルーズあり。予約で英語対応可能。,お台場・竹芝等,港区,00000000-0000-0000-0000-000000000011,,,Dinner cruise available. English support with reservation.,3
00000000-0000-0000-0000-000000000208,akatabune Ami,屋形船あみ春,Traditional houseboat with tempura and sushi. English menu available.,和風の屋形船で天ぷら・寿司付き。英語メニュー要確認。,浅草・品川,台東区,00000000-0000-0000-0000-000000000011,,,Traditional houseboat with tempura and sushi. English menu available.,3
00000000-0000-0000-0000-000000000209,ymphony Tokyo Bay Cruise,シンフォニークルーズ,Comprehensive English support. Day and night cruises available.,英語対応完備。日中〜ナイトクルーズあり。,竹芝,港区,00000000-0000-0000-0000-000000000011,,,Comprehensive English support. Day and night cruises available.,3
00000000-0000-0000-0000-000000000210,otel New Otani Night Pool,ホテルニューオータニ ナイトプール,Celebrity-style luxury hotel pool with DJ events.,セレブ気分が味わえる高級ホテルプール。DJイベントも開催。,永田町,千代田区,00000000-0000-0000-0000-000000000011,,,Mid-July to early September,3
00000000-0000-0000-0000-000000000211,NA InterContinental Pool,ANAインターコンチネンタル ナイトプール,City views and beautiful lighting.,シティビュー＆ライトアップが美しい。,赤坂・溜池山王,港区,00000000-0000-0000-0000-000000000011,,,Mid-July to early September,3
00000000-0000-0000-0000-000000000212,okyo Prince Hotel Night Pool,東京プリンスホテル ナイトプール,Instagram-worthy spot with Tokyo Tower views.,東京タワーが見えるインスタ映えスポット。,芝公園,港区,00000000-0000-0000-0000-000000000011,,,Mid-July to early September,3
00000000-0000-0000-0000-000000000213,rand Nikko Tokyo Daiba,グランドニッコー東京 台場 プール,Night views and Odaiba's unique openness.,夜景＋お台場ならではの開放感。,お台場,港区,00000000-0000-0000-0000-000000000011,,,Late July to late August,3
00000000-0000-0000-0000-000000000214,OMB,ウーム,World-class club featuring international DJs.,世界的DJも多数出演する本格クラブ。,渋谷,渋谷区,00000000-0000-0000-0000-000000000011,,,World-class club featuring international DJs.,3
00000000-0000-0000-0000-000000000215,ENT,ヴェント,Club known for excellent sound quality and underground music.,音響に定評あり、通好み。,表参道,港区,00000000-0000-0000-0000-000000000011,,,Club known for excellent sound quality and underground music.,3
00000000-0000-0000-0000-000000000216,ircus Tokyo,サーカス東京,Osaka-based club with experimental music events.,大阪発、実験的な音楽イベント多め。,渋谷,渋谷区,00000000-0000-0000-0000-000000000011,,,Osaka-based club with experimental music events.,3
00000000-0000-0000-0000-000000000217,lub Asia,クラブエイジア,Popular with young people. Asian-themed interior.,若者人気。アジアンテイストの内装。,渋谷,渋谷区,00000000-0000-0000-0000-000000000011,,,Popular with young people. Asian-themed interior.,3
00000000-0000-0000-0000-000000000218,arlem,ハーレム,Center of Japanese hip-hop culture.,日本のヒップホップ文化の中心的存在。,渋谷,渋谷区,00000000-0000-0000-0000-000000000011,,,Center of Japanese hip-hop culture.,3
00000000-0000-0000-0000-000000000219,K Shibuya,TK渋谷,Party-style club with high foreigner ratio.,外国人率高め。パーティ系クラブ。,渋谷,渋谷区,00000000-0000-0000-0000-000000000011,,,Party-style club with high foreigner ratio.,3
00000000-0000-0000-0000-000000000220,LE Tokyo,ELEトーキョー,VIP atmosphere popular with wealthy foreigners.,VIP感あり、外国人富裕層に人気。,麻布十番,港区,00000000-0000-0000-0000-000000000011,,,VIP atmosphere popular with wealthy foreigners.,4
00000000-0000-0000-0000-000000000221,OAK Tokyo,ワンオーク東京,NY-based celebrity club.,NY発セレブ系クラブ。,六本木,港区,00000000-0000-0000-0000-000000000011,,,NY-based celebrity club.,4
00000000-0000-0000-0000-000000000222,Lounge,Rラウンジ,Small but popular with deep music fans.,小規模ながらディープな音楽ファンに人気。,渋谷,渋谷区,00000000-0000-0000-0000-000000000011,,,Small but popular with deep music fans.,2
00000000-0000-0000-0000-000000000223,hibuya Nonbei Yokocho,渋谷のんべい横丁,Retro Showa-era atmosphere with small izakaya bars.,昭和レトロな雰囲気の小さな居酒屋が連なる横丁。,渋谷,渋谷区,00000000-0000-0000-0000-000000000011,,,Some shops have English menus.,2
00000000-0000-0000-0000-000000000224,hinjuku Golden Gai,新宿ゴールデン街,Dense collection of small bars. Popular with foreigners.,小さなバーが密集するディープなナイトスポット。,新宿,新宿区,00000000-0000-0000-0000-000000000011,,,"Popular with foreigners, be careful of cover charges.",3
00000000-0000-0000-0000-000000000225,moide Yokocho,思い出横丁（新宿）,Popular yakitori and sake spot with foreign tourists.,焼き鳥と酒が楽しめる、外国人観光客に人気の横丁。,新宿,新宿区,00000000-0000-0000-0000-000000000011,,,Families OK if early hours.,2
00000000-0000-0000-0000-000000000226,lbatross G,アルバトロスG,High-ceiling bar with many foreign customers. English menu and conversation OK.,天井が高く、外国人客が多い。英語メニュー＆会話OK。,新宿,新宿区,00000000-0000-0000-0000-000000000011,,,High-ceiling bar with many foreign customers. English menu and conversation OK.,2
00000000-0000-0000-0000-000000000227,ce's,エースズ,NY-style bar with English-speaking owner. Tourist-friendly.,NYスタイルのオーナーが運営。英語が堪能で観光客に優しい。,新宿,新宿区,00000000-0000-0000-0000-000000000011,,,NY-style bar with English-speaking owner. Tourist-friendly.,2
00000000-0000-0000-0000-000000000228,ar Champion,バー・チャンピオン,Foreigner-welcoming policy. Music events also held.,外国人歓迎のポリシー。音楽系イベントも開催。,新宿,新宿区,00000000-0000-0000-0000-000000000011,,,Foreigner-welcoming policy. Music events also held.,2
00000000-0000-0000-0000-000000000229,enzo's Bar,ケンゾーズバー,Featured in travel guides. Friendly with English support.,観光ガイドにも掲載。気さくで英語対応◎。,新宿,新宿区,00000000-0000-0000-0000-000000000011,,,Featured in travel guides. Friendly with English support.,2
00000000-0000-0000-0000-000000000230,a Jetée,ラ・ジュテ,Movie lover's bar. French and English support available.,映画好きのバー。フランス語と英語対応あり。,新宿,新宿区,00000000-0000-0000-0000-000000000011,,,Movie lover's bar. French and English support available.,2
00000000-0000-0000-0000-000000000231,isotope Lounge,アイソトープラウンジ,Japan's leading LGBTQ-friendly club with English guidance.,日本屈指のLGBTQフレンドリークラブ。英語案内多数あり。,新宿三丁目,新宿区,00000000-0000-0000-0000-000000000011,,,Japan's leading LGBTQ-friendly club with English guidance.,3
00000000-0000-0000-0000-000000000232,rty Farty,アーティファーティ,Party-style club popular with international travelers.,英語対応◎、海外旅行者に人気のパーティ系クラブ。,新宿三丁目,新宿区,00000000-0000-0000-0000-000000000011,,,Party-style club popular with international travelers.,3
00000000-0000-0000-0000-000000000233,ar Nana,バーナナ,Foreign staff stationed. English OK.,外国人スタッフ常駐。英語OK。,新宿三丁目,新宿区,00000000-0000-0000-0000-000000000011,,,Foreign staff stationed. English OK.,2
00000000-0000-0000-0000-000000000234,agle Tokyo Blue,イーグル東京ブルー,English menu and staff support available. Tourist-friendly.,英語メニュー、スタッフ対応あり。観光客フレンドリー。,新宿三丁目,新宿区,00000000-0000-0000-0000-000000000011,,,English menu and staff support available. Tourist-friendly.,2
00000000-0000-0000-0000-000000000235,ake Kawaguchi,河口湖,"Scenic lake with Mt. Fuji views, boat rides, and hot springs nearby.",富士山を望む絶景の湖。遊覧船や温泉も楽しめる観光地。,山梨県・富士五湖,山梨県,00000000-0000-0000-0000-000000000009,https://www.fujisan.ne.jp/,Autumn foliage season and winter inverted Fuji are popular.,Autumn foliage season and winter inverted Fuji are popular.,4
00000000-0000-0000-0000-000000000236,hosenkyo Gorge,昇仙峡,"Stunning gorge with cliffs, waterfalls, and autumn foliage.",奇岩や滝が続く渓谷美。秋の紅葉は特に見応えあり。,山梨県甲府市,山梨県,00000000-0000-0000-0000-000000000009,https://www.yamanashi-kankou.jp/,"Ropeway available, easy access for families.","Ropeway available, easy access for families.",3
00000000-0000-0000-0000-000000000237,itachi Seaside Park,ひたち海浜公園,Famous for blue nemophila flowers in spring and kochia bushes in autumn.,春のネモフィラ、秋のコキアで有名な季節の絶景スポット。,茨城県ひたちなか市,茨城県,00000000-0000-0000-0000-000000000009,https://hitachikaihin.jp/,"Strollers OK. Very large park, advance planning recommended.","Strollers OK. Very large park, advance planning recommended.",4
00000000-0000-0000-0000-000000000238,ake Ashi (Hakone),芦ノ湖（箱根）,"Crater lake with Mt. Fuji views, sightseeing cruise and torii gate in lake.",富士山を背景にした湖と赤い鳥居が絶景。遊覧船も人気。,神奈川県・箱根町,神奈川県,00000000-0000-0000-0000-000000000009,https://www.hakone.or.jp/,"Hakone Shrine nearby, popular with couples and families.","Hakone Shrine nearby, popular with couples and families.",3
00000000-0000-0000-0000-000000000239,ount Takao,高尾山,Easily accessible mountain hike with forest trails and autumn colors.,東京からすぐ行ける登山・森林浴スポット。紅葉も人気。,東京都八王子市,八王子市,00000000-0000-0000-0000-000000000009,https://www.takaotozan.co.jp/,"Cable car available, recommended for beginners and families.","Cable car available, recommended for beginners and families.",4
00000000-0000-0000-0000-000000000240,shino Hakkai,忍野八海,Eight crystal clear spring ponds with Mt. Fuji backdrop.,富士山と湧き水の池のコントラストが美しい。,山梨県・忍野村,山梨県,00000000-0000-0000-0000-000000000009,https://www.vill.oshino.yamanashi.jp/,Can be toured with traditional Japanese streets.,Can be toured with traditional Japanese streets.,2
00000000-0000-0000-0000-000000000241,hiraito Falls,白糸の滝,"Wide, delicate waterfall fed by Mt. Fuji's spring water.",富士山の湧水が織りなす美しい白糸のような滝。,静岡県富士宮市,静岡県,00000000-0000-0000-0000-000000000009,https://www.city.fujinomiya.lg.jp/,Best visited together with Otodome Falls.,Best visited together with Otodome Falls.,2
00000000-0000-0000-0000-000000000242,uji Shibazakura Festival,富士芝桜まつり,Huge fields of pink moss phlox flowers with Mt. Fuji in the background.,ピンクの芝桜と富士山の競演。4月下旬〜5月上旬が見頃。,山梨県・本栖湖近く,山梨県,00000000-0000-0000-0000-000000000009,https://www.shibazakura.jp/,"Limited period. Traffic congestion likely, early morning visit recommended.","Limited period. Traffic congestion likely, early morning visit recommended.",3
00000000-0000-0000-0000-000000000243,okogiriyama,鋸山,"Dramatic cliff views, giant Buddha, and panoramic Tokyo Bay scenes.",地獄のぞきや巨大仏像、東京湾を一望できる絶景スポット。,千葉県鋸南町,千葉県,00000000-0000-0000-0000-000000000009,https://www.mt-nokogiri.co.jp/,Stairs and cliffs present. Caution needed with small children.,Stairs and cliffs present. Caution needed with small children.,3
00000000-0000-0000-0000-000000000244,ishi Park (Lake Kawaguchi),大石公園（河口湖）,"Seasonal flower park with lavender and cosmos, and Mt. Fuji views.",四季折々の花と富士山の景色が楽しめる公園。,山梨県・河口湖,山梨県,00000000-0000-0000-0000-000000000009,https://fujisan.ne.jp/pages/63/,Perfect for combined sightseeing with Lake Kawaguchi.,Perfect for combined sightseeing with Lake Kawaguchi.,2
00000000-0000-0000-0000-000000000245,noshima,江の島,"Small island with shrine, caves, observatory, food, and sea activities.",神社、洞窟、展望台、グルメ、海遊びなどがそろう小島。,神奈川,神奈川県,00000000-0000-0000-0000-000000000009,https://www.fujisawa-kanko.jp/,"Small island with shrine, caves, observatory, food, and sea activities.","Small island with shrine, caves, observatory, food, and sea activities.",3
00000000-0000-0000-0000-000000000246,zu Oshima,伊豆大島,"Volcanic terrain (Mt. Mihara), ocean, hot springs, starry skies, and activities.",火山地形（三原山）、海、温泉、星空、アクティビティ豊富。,東京,東京都,00000000-0000-0000-0000-000000000009,https://www.izu-oshima.or.jp/,"Volcanic terrain (Mt. Mihara), ocean, hot springs, starry skies, and activities.","Volcanic terrain (Mt. Mihara), ocean, hot springs, starry skies, and activities.",3
00000000-0000-0000-0000-000000000247,iijima,新島,"White sandy beaches, surfing, free open-air hot springs, Moai statues.",白い砂浜、サーフィン、無料露天温泉、モヤイ像。,東京,東京都,00000000-0000-0000-0000-000000000009,https://niijima-info.jp/,Crowded in summer but nature is beautiful.,Crowded in summer but nature is beautiful.,3
00000000-0000-0000-0000-000000000248,hikinejima,式根島,"Beautiful coves, natural rock baths, quiet and relaxing island.",美しい入り江、自然の岩風呂、静かでリラックスできる島。,東京,東京都,00000000-0000-0000-0000-000000000009,https://shikinejima.tokyo/,"Popular with families and couples, for those who want to spend time quietly.","Popular with families and couples, for those who want to spend time quietly.",3
00000000-0000-0000-0000-000000000249,arushima,猿島,"Uninhabited island, old Japanese military fort, BBQ, fishing, day trip possible.",無人島、旧日本軍の要塞、BBQ、釣り、日帰り可能。,神奈川,神奈川県,00000000-0000-0000-0000-000000000009,https://sarushima.jp/,"Uninhabited island, old Japanese military fort, BBQ, fishing, day trip possible.","Uninhabited island, old Japanese military fort, BBQ, fishing, day trip possible.",3
00000000-0000-0000-0000-000000000250,hichijima,父島（小笠原）,"World Heritage island with whales, dolphins, endemic species, trekking, crystal-clear sea.",世界遺産の島。クジラ・イルカ・固有種・トレッキング・透明度の高い海。,東京,東京都,00000000-0000-0000-0000-000000000009,https://www.ogasawaramura.com/,"World Heritage island with whales, dolphins, endemic species, trekking, crystal-clear sea.","World Heritage island with whales, dolphins, endemic species, trekking, crystal-clear sea.",3
00000000-0000-0000-0000-000000000251,ahajima,母島（小笠原）,"More untouched nature, endemic species, starry skies, hiking, tranquility.",より手つかずの自然、固有種、星空、ハイキング、静けさ。,東京,東京都,00000000-0000-0000-0000-000000000009,,,"More untouched nature, endemic species, starry skies, hiking, tranquility.",3
00000000-0000-0000-0000-000000000252,inamijima,南島,"Pristine uninhabited island with heart-shaped cove, limited entry.",ハート形の入り江が有名な無人島。上陸ツアーでのみ入島可能。,父島からの無人島,東京都,00000000-0000-0000-0000-000000000009,,,Limited numbers for nature conservation. Landing requires tour participation.,3
00000000-0000-0000-0000-000000000253,olphin Swim Tour,ドルフィンスイム,Swim with wild dolphins in crystal-clear waters.,野生のイルカと一緒に泳げる貴重な体験。子どももライフジャケットで参加可。,父島周辺,東京都,00000000-0000-0000-0000-000000000009,,,Adjustment needed based on physical strength. Moving experience!,4
00000000-0000-0000-0000-000000000254,t. Chibusayama Hiking,千尋岩（ハートロック）,Popular half-day hike with ocean views and heart-shaped rock cliff.,海を見下ろすハート形の断崖絶景。ガイド付きトレッキングが主流。,父島,東京都,00000000-0000-0000-0000-000000000009,,,"Hot in summer, requires stamina. Guided tours are reassuring.",3
00000000-0000-0000-0000-000000000255,ominato Beach,小港海岸,Quiet beach ideal for snorkeling and sunset watching.,穏やかな湾でウミガメにも会えるビーチ。夕日も美しい。,父島,東京都,00000000-0000-0000-0000-000000000009,,,Car access required but OK for families.,2
00000000-0000-0000-0000-000000000256,gasawara Marine Center,小笠原海洋センター,Sea turtle conservation center with educational exhibits.,ウミガメ保護施設。展示や体験もあり。子どもにも学びになる場所。,父島,東京都,00000000-0000-0000-0000-000000000009,https://bonin-ocean.net/,,Popular with children. Donations accepted.,2
00000000-0000-0000-0000-000000000257,ahajima Island,母島,"Smaller island with untouched nature, hiking, and birdwatching.",手つかずの自然と固有種の宝庫。より静かで上級者向き。,母島,東京都,00000000-0000-0000-0000-000000000009,https://www.ogasawaramura.com/,,More rustic than Chichijima. Recommended for nature lovers.,4
00000000-0000-0000-0000-000000000258,t. Sakaigatake,境浦の山,Scenic hiking trail with panoramic island and ocean views.,母島の絶景トレイル。海と島を見渡す展望スポット。,母島,東京都,00000000-0000-0000-0000-000000000009,,,Trail is maintained but guide is reassuring.,3